"","sch_id","sch_freelunch","stu_ses","stu_mathscore"
"1",1011,6,-0.0599483039078208,52.11
"2",1011,6,1.05165224357876,57.65
"3",1011,6,-0.863514964741495,66.44
"4",1011,6,-0.796551076338689,44.68
"5",1011,6,-1.61351051485292,40.57
"6",1011,6,-1.15815607371384,35.04
"7",1011,6,0.636476135481364,50.71
"8",1011,6,0.0605866952172304,66.17
"9",1011,6,-1.06440662994991,39.43
"10",1011,6,-1.35904773892226,46.17
"11",1011,6,0.0338011398561079,58.76
"12",1011,6,0.234692805064526,47.97
"13",1011,6,-0.796551076338689,39.18
"14",1011,6,0.0605866952172304,64.63
"15",1011,6,1.60075612848177,69.38
"16",1011,6,0.569512247078557,32.38
"17",1011,6,0.355227804189578,29.98
"18",1011,6,-1.53315384876956,59.32
"19",1011,6,-0.48851718968578,43.04
"20",1011,6,1.85521890441244,57.83
"21",1011,6,-0.568873855769148,46.07
"22",1011,6,-0.649230521852515,47.74
"23",1011,6,-0.649230521852515,48.66
"24",1011,6,-1.35904773892226,40.8
"25",1011,6,-0.582266633449709,66.32
"26",1011,6,0.114157805939475,53.7
"27",1011,6,-1.06440662994991,52.42
"28",1011,6,0.623083357800802,71.38
"29",1011,6,0.91772446677315,59.66
"30",1011,6,0.0605866952172304,47.52
"31",1011,6,-1.27869107283889,39.51
"95",1031,1,1.58736335080121,57.57
"96",1031,1,-1.21172718443609,42.4
"97",1031,1,0.448977247953506,41.41
"98",1031,1,0.355227804189578,55.22
"99",1031,1,0.971295577495395,43.9
"100",1031,1,1.34629335255111,53.04
"101",1031,1,1.06504502125932,49
"102",1031,1,0.529333914036874,62.45
"103",1031,1,-0.274232746796801,53.78
"104",1031,1,-0.354589412880168,49.08
"105",1031,1,-1.01083551922767,40.25
"106",1031,1,-0.957264408505424,43.08
"107",1031,1,0.462370025634068,52.43
"108",1031,1,-1.09119218531104,21.73
"109",1031,1,-0.756372743297005,53.68
"110",1031,1,-0.193876080713433,41.45
"111",1031,1,0.676654468523047,45.47
"112",1031,1,-0.957264408505424,34.06
"113",1031,1,-0.542088300408025,33.45
"114",1031,1,1.39986446327335,60.78
"115",1031,1,-0.635837744171954,35.92
"116",1031,1,0.81058224532866,52.4
"131",1033,5,-1.02422829690823,40.69
"132",1033,5,-2.02868662295032,43.22
"133",1033,5,0.0338011398561079,45.57
"134",1033,5,0.770403912286976,46.73
"135",1033,5,-1.11797774067216,49.2
"136",1033,5,-0.91708607546374,50.27
"137",1033,5,-0.635837744171954,42.79
"138",1033,5,1.01147391053708,61.03
"139",1033,5,-0.48851718968578,53.03
"140",1033,5,-0.287625524477362,37.98
"141",1033,5,1.868611682093,50.42
"142",1033,5,0.27487113810621,54.19
"143",1033,5,-1.62690329253349,55.95
"144",1033,5,-0.475124412005219,40.53
"145",1033,5,-0.80994385401925,55.59
"146",1033,5,-1.03762107458879,69.12
"147",1033,5,1.88200445977356,54.18
"148",1033,5,-1.30547662820002,41.88
"149",1033,5,-0.836729409380373,47.14
"150",1033,5,0.582905024759119,42.86
"151",1033,5,-0.260839969116239,49.12
"152",1033,5,-1.07779940763047,52.04
"153",1033,5,0.435584470272945,38.34
"1362",1301,4,0.502548358675751,55
"1363",1301,4,-0.220661636074556,54.23
"1364",1301,4,0.0605866952172304,53.4
"1365",1301,4,1.44004279631504,34.34
"1366",1301,4,-0.354589412880168,48.07
"1367",1301,4,-0.180483303032872,53.65
"1368",1301,4,0.181121694342282,46.6
"1369",1301,4,1.49361390703728,60.93
"1370",1301,4,0.248085582745088,56.3
"1371",1301,4,-0.930478853144301,31.21
"1372",1301,4,-1.13137051835272,31.56
"1373",1301,4,-0.716194410255321,31.53
"1374",1301,4,0.408798914911823,59.25
"1375",1301,4,0.288263915786771,31.31
"1376",1301,4,-0.796551076338689,51.54
"1377",1301,4,-0.662623299533076,57.84
"1378",1301,4,-0.501909967366342,42.3
"1379",1301,4,0.770403912286976,56.57
"1380",1301,4,1.01147391053708,43.38
"1381",1302,3,-0.0867338592689433,33.3
"1382",1302,3,0.248085582745088,33.24
"1383",1302,3,-0.876907742422056,39.66
"1384",1302,3,-0.394767745921852,49.48
"1385",1302,3,-0.167090525352311,24.88
"1386",1302,3,-1.26529829515833,32.72
"1387",1302,3,-0.501909967366342,51.1
"1388",1302,3,0.355227804189578,48.38
"1389",1302,3,-0.876907742422056,41.14
"1390",1302,3,-0.796551076338689,27.89
"1391",1302,3,-0.742979965616444,35.12
"1392",1302,3,0.623083357800802,28.26
"1393",1302,3,0.00701558449498541,47.54
"1394",1302,3,0.91772446677315,24.28
"1395",1302,3,-0.716194410255321,46.25
"1396",1302,3,1.07843779893988,37.99
"1397",1302,3,-0.70280163257476,39.1
"1398",1302,3,-1.19833440675553,27.82
"1399",1302,3,-0.421553301282974,31.98
"1400",1302,3,1.09183057662045,29.64
"1401",1302,3,-0.421553301282974,38.47
"1402",1311,7,-0.716194410255321,39.92
"1403",1311,7,0.16772891666172,38.33
"1404",1311,7,0.114157805939475,37.38
"1405",1311,7,-0.113519414630066,34.24
"1406",1311,7,0.783796689967537,39.49
"1407",1311,7,0.984688355175956,40.33
"1408",1311,7,0.234692805064526,36.46
"1409",1311,7,-0.716194410255321,38.03
"1410",1311,7,-0.863514964741495,47.06
"1411",1311,7,-0.0197699708661371,40.75
"1412",1311,7,-1.1045849629916,38.4
"1413",1311,7,-0.140304969991188,52.93
"1414",1311,7,-0.676016077213638,26.14
"1415",1311,7,0.408798914911823,32.95
"1416",1311,7,-1.42601162732507,36.48
"1417",1311,7,0.408798914911823,44.63
"1418",1312,8,0.676654468523047,42.71
"1419",1312,8,-0.943871630824863,40.72
"1420",1312,8,0.850760578370343,36.7
"1421",1312,8,0.408798914911823,48.91
"1422",1312,8,-1.54654662645012,36.11
"1423",1312,8,0.0739794728977916,36.46
"1424",1312,8,-0.783158298658128,32.08
"1425",1312,8,0.435584470272945,47.58
"1426",1312,8,-0.769765520977566,34.62
"1427",1312,8,-0.247447191435678,39.79
"1428",1312,8,0.100765028258914,48.43
"1429",1312,8,0.408798914911823,37
"1430",1312,8,-0.823336631699811,33.62
"1431",1312,8,-1.07779940763047,49.87
"1432",1312,8,-0.943871630824863,35.84
"1433",1312,8,1.78825501600963,46.25
"1548",1342,4,-0.260839969116239,38.48
"1549",1342,4,0.0204083621755467,43.39
"1550",1342,4,1.78825501600963,61.3
"1551",1342,4,-0.341196635199607,58.4
"1552",1342,4,0.998081132856517,41.75
"1553",1342,4,-0.0465555262272595,41.86
"1554",1342,4,0.315049471147894,55.91
"1555",1342,4,-0.0331627485466983,42.07
"1556",1342,4,-0.984049963866546,36.3
"1557",1342,4,0.569512247078557,42.6
"1558",1342,4,-0.0599483039078208,42.65
"1559",1342,4,0.248085582745088,44.02
"1560",1342,4,-0.327803857519046,47.64
"1561",1342,4,-0.167090525352311,66.83
"1562",1342,4,0.0605866952172304,47.41
"1563",1342,4,0.716832801564731,61.74
"1564",1342,4,1.81504057137075,54.13
"1565",1342,4,-0.649230521852515,43.8
"1566",1342,4,0.3820133595507,41.02
"1567",1342,4,1.17218724270381,80
"1568",1342,4,-0.287625524477362,47.67
"1569",1342,4,0.636476135481364,35.73
"1632",1362,1,0.743618356925854,53.08
"1633",1362,1,1.52039946239841,56.46
"1634",1362,1,0.783796689967537,44.66
"1635",1362,1,1.2793294641483,51.6
"1636",1362,1,0.422191692592384,46.42
"1637",1362,1,-0.689408854894199,41.11
"1638",1362,1,0.676654468523047,39.67
"1639",1362,1,1.15879446502325,48.66
"1640",1362,1,-0.501909967366342,48.99
"1641",1362,1,0.663261690842486,52.12
"1642",1362,1,0.957902799814833,43.04
"1643",1362,1,-0.970657186185985,42.9
"1644",1362,1,-0.073341081588382,64.95
"1645",1362,1,0.0605866952172304,36.89
"1646",1362,1,1.61414890616233,53.68
"1647",1362,1,-0.930478853144301,55.06
"1648",1362,1,-0.394767745921852,46.62
"1649",1362,1,0.16772891666172,43.12
"1650",1362,1,-0.0867338592689433,44.06
"1651",1362,1,2.02932501425973,57.07
"1652",1362,1,1.46682835167616,39.24
"1653",1362,1,0.716832801564731,64.21
"1654",1362,1,0.716832801564731,48.96
"1655",1362,1,0.59629780243968,57.18
"1656",1371,6,0.797189467648099,43.19
"1657",1371,6,0.16772891666172,39.72
"1658",1371,6,0.408798914911823,47.76
"1659",1371,6,1.01147391053708,33.5
"1660",1371,6,-0.676016077213638,30.87
"1661",1371,6,-0.301018302157923,34.06
"1662",1371,6,0.823975023009221,43.95
"1663",1371,6,0.288263915786771,37.08
"1664",1371,6,0.181121694342282,49.7
"1665",1371,6,-0.140304969991188,49.83
"1666",1371,6,0.3820133595507,35.36
"1667",1371,6,0.355227804189578,53.48
"1668",1371,6,-1.38583329428338,34.91
"1669",1371,6,1.07843779893988,43.36
"1670",1371,6,-0.394767745921852,49.23
"1671",1371,6,-0.756372743297005,27.9
"1672",1371,6,-0.542088300408025,56.5
"1673",1371,6,1.07843779893988,28.83
"2748",1621,3,1.33290057487055,60.86
"2749",1621,3,1.58736335080121,60.7
"2750",1621,3,1.34629335255111,67.69
"2751",1621,3,2.3507516785932,61.74
"2752",1621,3,0.757011134606415,46.47
"2753",1621,3,0.341835026509016,56.55
"2754",1621,3,1.42665001863448,65.89
"2755",1621,3,-0.327803857519046,47.89
"2756",1621,3,1.78825501600963,63.34
"2757",1621,3,1.25254390878718,44.12
"2758",1621,3,0.837367800689782,62.18
"2776",1631,4,-0.756372743297005,45.18
"2777",1631,4,-1.86797329078359,29.99
"2778",1631,4,0.328442248828455,63.71
"2779",1631,4,0.422191692592384,59.97
"2780",1631,4,-0.314411079838484,65.09
"2781",1631,4,2.1096816803431,64.5
"2782",1631,4,2.33735890091264,53.72
"2783",1631,4,1.84182612673187,62.08
"2784",1631,4,-1.65368884789461,46.41
"2785",1631,4,1.94896834817637,62.56
"2786",1631,4,0.448977247953506,27.04
"2787",1631,4,-0.649230521852515,61.06
"2788",1631,4,-0.957264408505424,39.03
"2789",1631,4,-0.274232746796801,41.68
"2790",1631,4,-0.70280163257476,50.54
"2791",1631,4,-1.22511996211665,41.53
"2792",1631,4,-0.0867338592689433,35.41
"2793",1631,4,-0.863514964741495,64.69
"2794",1631,4,-0.59565941113027,38.45
"2795",1631,4,0.448977247953506,32.06
"2796",1631,4,0.676654468523047,41.42
"2797",1631,4,1.68111279456514,79.01
"2798",1631,4,-1.1715488513944,47.2
"2799",1631,4,-0.689408854894199,41.93
"2800",1631,4,2.13646723570422,68.93
"2801",1631,4,1.0382594658982,67.64
"2802",1631,4,-0.903693297783179,53.5
"2803",1631,4,-0.0867338592689433,34.03
"2804",1631,4,-1.38583329428338,45.83
"2805",1631,4,-1.21172718443609,51.62
"2861",1642,6,0.730225579245292,49.08
"2862",1642,6,0.716832801564731,63.32
"2863",1642,6,-0.314411079838484,45.7
"2864",1642,6,2.08289612498198,50.52
"2865",1642,6,1.35968613023167,54.41
"2866",1642,6,0.70344002388417,46.11
"2867",1642,6,1.46682835167616,46.81
"2868",1642,6,0.569512247078557,55.59
"2869",1642,6,0.0605866952172304,41.36
"2870",1642,6,-0.0197699708661371,63.6
"2871",1642,6,-1.11797774067216,51.93
"2872",1642,6,2.20343112410703,35.46
"2873",1642,6,0.301656693467333,59.07
"2874",1642,6,0.529333914036874,53.82
"2875",1642,6,-1.22511996211665,37.53
"2876",1642,6,-0.0867338592689433,48.66
"2877",1642,6,-0.367982190560729,57.47
"2878",1642,6,0.502548358675751,33.41
"2879",1642,6,0.154336138981159,45.55
"2880",1651,3,-1.42601162732507,53.66
"2881",1651,3,1.05165224357876,63.85
"2882",1651,3,0.0338011398561079,50.86
"2883",1651,3,-0.394767745921852,65.24
"2884",1651,3,1.9355755704958,74.73
"2885",1651,3,1.11861613198157,56.98
"2886",1651,3,0.81058224532866,47.92
"2887",1651,3,1.34629335255111,52.15
"2888",1651,3,0.663261690842486,51.38
"2889",1651,3,1.02486668821764,72.17
"2890",1651,3,0.663261690842486,45.71
"2891",1651,3,1.61414890616233,61.74
"2892",1651,3,0.341835026509016,55.51
"2893",1651,3,0.261478360425649,62.97
"2894",1651,3,0.288263915786771,63.22
"2895",1651,3,0.864153356050905,59.2
"2896",1651,3,0.81058224532866,64.09
"2897",1651,3,2.24360945714871,55.36
"2915",1661,5,1.25254390878718,64.33
"2916",1661,5,-0.38137496824129,41.46
"2917",1661,5,1.30611501950943,64.61
"2918",1661,5,-0.0465555262272595,61.06
"2919",1661,5,1.17218724270381,51.38
"2920",1661,5,0.301656693467333,52.42
"2921",1661,5,-0.622444966491393,53.56
"2922",1661,5,-1.14476329603328,45.25
"2923",1661,5,0.154336138981159,54.74
"2924",1661,5,0.609690580120241,61.15
"2925",1661,5,1.90879001513468,72.08
"2926",1661,5,0.27487113810621,55.13
"2927",1662,3,0.957902799814833,48.18
"2928",1662,3,1.29272224182886,56.3
"2929",1662,3,0.716832801564731,60.36
"2930",1662,3,0.93111724445371,64.65
"2931",1662,3,0.984688355175956,62.42
"2932",1662,3,0.355227804189578,50.32
"2933",1662,3,-0.515302745046903,57.32
"2934",1662,3,0.261478360425649,57.96
"2935",1662,3,0.864153356050905,52.73
"2936",1662,3,0.462370025634068,54.95
"2937",1662,3,0.690047246203609,60.49
"2938",1662,3,1.26593668646774,43.01
"2939",1662,3,1.46682835167616,60.25
"2940",1662,3,1.70789834992626,50.76
"2941",1662,3,0.194514472022843,64.58
"2942",1662,3,-0.448338856644097,47.55
"2943",1662,3,1.66772001688458,53.35
"2944",1662,3,0.301656693467333,55.9
"2945",1662,3,2.1096816803431,64.38
"2946",1662,3,0.93111724445371,62.8
"2947",1662,3,2.36414445627376,60.49
"2948",1662,3,1.70789834992626,53.81
"2949",1662,3,1.46682835167616,33.85
"3858",1891,6,-0.394767745921852,47.51
"3859",1891,6,-0.970657186185985,35.25
"3860",1891,6,1.48022112935672,36.51
"3861",1891,6,-0.796551076338689,37.49
"3862",1891,6,-0.461731634324658,41.33
"3863",1891,6,0.649868913161925,27.09
"3864",1891,6,-1.05101385226935,40.31
"3865",1892,5,1.44004279631504,50
"3866",1892,5,1.49361390703728,69.18
"3867",1892,5,0.422191692592384,57.08
"3868",1892,5,0.623083357800802,58.62
"3869",1892,5,-0.421553301282974,52.35
"3870",1892,5,-0.421553301282974,43.85
"3871",1892,5,0.114157805939475,38.6
"3872",1892,5,-0.38137496824129,44.71
"3873",1892,5,-0.180483303032872,54.67
"3874",1892,5,1.4534355739956,56.13
"3875",1892,5,-0.555481078088587,37.27
"3876",1892,5,0.971295577495395,45.1
"3877",1892,5,0.569512247078557,57.79
"3878",1892,5,-1.06440662994991,41
"3879",1901,7,-0.0331627485466983,47.34
"3880",1901,7,-1.49297551572787,29.54
"3881",1901,7,0.435584470272945,52.91
"3882",1901,7,-0.287625524477362,51.36
"3883",1901,7,-0.434946078963535,33.92
"3884",1901,7,1.05165224357876,36.91
"3885",1901,7,0.676654468523047,44.53
"3886",1901,7,1.49361390703728,56.28
"3887",1901,7,0.569512247078557,50.14
"3888",1901,7,1.10522335430101,37.72
"3889",1901,7,-1.54654662645012,52.18
"3890",1901,7,-0.180483303032872,28.26
"3891",1902,5,0.328442248828455,61.95
"3892",1902,5,-0.649230521852515,62.39
"3893",1902,5,0.194514472022843,50.35
"3894",1902,5,0.502548358675751,42.87
"3895",1902,5,-0.247447191435678,33.17
"3896",1902,5,0.81058224532866,53.31
"3897",1902,5,0.904331689092588,31.59
"3898",1902,5,0.823975023009221,50.33
"3899",1902,5,0.234692805064526,29.94
"3900",1902,5,-0.421553301282974,47.93
"3901",1902,5,0.0338011398561079,46.02
"3902",1902,5,-0.689408854894199,51.61
"3903",1902,5,-0.234054413755117,50.06
"3904",1902,5,0.408798914911823,39.9
"3905",1902,5,-0.354589412880168,47.67
"3906",1902,5,-0.542088300408025,47.89
"3907",1902,5,-0.421553301282974,48.23
"3908",1902,5,-0.207268858393994,45.02
"3909",1902,5,1.35968613023167,36.33
"3910",1902,5,-0.662623299533076,40.69
"3911",1911,3,1.90879001513468,55.84
"3912",1911,3,1.2793294641483,44.34
"3913",1911,3,-0.220661636074556,41.06
"3914",1911,3,-1.29208385051945,55.06
"3915",1911,3,0.542726691717435,56.05
"3916",1911,3,1.44004279631504,55.66
"3917",1911,3,0.301656693467333,44.44
"3918",1911,3,0.448977247953506,59.63
"3919",1911,3,1.6275416838429,60.78
"3920",1911,3,1.10522335430101,42.84
"3921",1911,3,-0.957264408505424,54.13
"3922",1911,3,1.58736335080121,60.07
"3923",1911,3,0.100765028258914,50.73
"3924",1911,3,0.181121694342282,36.07
"3925",1911,3,0.3820133595507,43.85
"3926",1912,6,1.11861613198157,56.5
"3927",1912,6,2.1096816803431,60.1
"3928",1912,6,-0.943871630824863,59.46
"3929",1912,6,-1.27869107283889,49.95
"3930",1912,6,-0.193876080713433,46.1
"3931",1912,6,0.797189467648099,64.68
"3932",1912,6,-0.073341081588382,30.95
"3933",1912,6,-0.434946078963535,47.95
"3934",1912,6,0.100765028258914,40.74
"3935",1912,6,1.46682835167616,61.53
"3936",1912,6,-0.38137496824129,40.16
"3937",1912,6,1.38647168559279,40.33
"3938",1912,6,-0.0063771931855758,46.7
"3939",1912,6,-0.287625524477362,40.64
"3940",1912,6,1.25254390878718,48.21
"3941",1912,6,0.529333914036874,59.07
"3942",1912,6,1.60075612848177,53.81
"3943",1912,6,-1.30547662820002,35.9
"3944",1912,6,0.3820133595507,32.13
"3945",1912,6,-0.341196635199607,51.67
"3946",1912,6,1.2123655757455,55.1
"3947",1912,6,-0.073341081588382,46.63
"3948",1912,6,-0.073341081588382,50.33
"3949",1912,6,-0.876907742422056,31.09
"3950",1913,5,0.140943361300598,52.33
"3951",1913,5,-0.542088300408025,35.94
"3952",1913,5,0.0338011398561079,48.13
"3953",1913,5,0.27487113810621,48.31
"3954",1913,5,2.31057334555152,63.37
"3955",1913,5,0.797189467648099,53.66
"3956",1913,5,1.57397057312065,65.18
"3957",1913,5,-0.421553301282974,48.21
"3958",1913,5,0.368620581870139,44.47
"3959",1913,5,0.0739794728977916,44.97
"3960",1913,5,0.823975023009221,68.85
"3961",1913,5,0.623083357800802,45.95
"3962",1913,5,0.529333914036874,55.01
"3963",1913,5,1.78825501600963,53.52
"5143",2201,5,0.100765028258914,36.85
"5144",2201,5,0.114157805939475,37.33
"5145",2201,5,0.730225579245292,45.89
"5146",2201,5,0.81058224532866,47.74
"5147",2201,5,0.515941136356312,62.68
"5148",2201,5,-1.19833440675553,57.83
"5149",2201,5,-2.18939995511706,33.14
"5150",2201,5,-0.421553301282974,26.73
"5151",2201,5,0.00701558449498541,32.41
"5152",2201,5,1.22575835342606,49.68
"5153",2201,5,0.194514472022843,50.72
"5154",2201,5,0.59629780243968,53.03
"5155",2201,5,1.44004279631504,49.08
"5156",2201,5,0.288263915786771,51.83
"5157",2201,5,0.636476135481364,48.34
"5158",2201,5,-0.48851718968578,46.94
"5159",2201,5,1.46682835167616,56.26
"5160",2201,5,-0.970657186185985,38.38
"5161",2201,5,-0.957264408505424,39.84
"5162",2201,5,-0.314411079838484,46.22
"5163",2202,7,-1.09119218531104,42.9
"5164",2202,7,0.462370025634068,48.89
"5165",2202,7,1.19897279806494,52.65
"5166",2202,7,-1.30547662820002,43.33
"5167",2202,7,0.462370025634068,26.33
"5168",2202,7,-0.153697747671749,55.05
"5169",2202,7,-0.783158298658128,32.43
"5170",2202,7,-0.0465555262272595,54.12
"5171",2202,7,-0.421553301282974,41.91
"5172",2202,7,1.6945055722457,48.47
"5173",2202,7,-0.274232746796801,58.24
"5174",2202,7,0.315049471147894,59.8
"5175",2202,7,-1.22511996211665,35.43
"5176",2202,7,0.556119469397996,39.51
"5177",2202,7,0.70344002388417,55.59
"5178",2202,7,-0.689408854894199,38.48
"5179",2202,7,-0.957264408505424,38.27
"5180",2202,7,-1.07779940763047,41.68
"5181",2202,7,-0.528695522727464,38.66
"5980",2391,8,-1.1045849629916,51.03
"5981",2391,8,-0.930478853144301,26.07
"5982",2391,8,-0.689408854894199,47.08
"5983",2391,8,-0.207268858393994,43.41
"5984",2391,8,-1.22511996211665,50.69
"5985",2391,8,1.2793294641483,46.07
"5986",2391,8,0.448977247953506,50.94
"5987",2391,8,-1.1045849629916,39.71
"5988",2391,8,0.797189467648099,42.96
"5989",2391,8,-0.823336631699811,40.73
"5990",2391,8,-0.193876080713433,54.64
"5991",2391,8,-0.394767745921852,46.59
"5992",2391,8,2.17664556874591,58.86
"5993",2391,8,0.0605866952172304,42.51
"5994",2391,8,-0.100126636949505,39.88
"5995",2391,8,0.288263915786771,55.37
"5996",2391,8,0.315049471147894,45.78
"5997",2391,8,-0.0465555262272595,42.42
"5998",2391,8,-0.408160523602413,54.48
"5999",2391,8,0.890938911412027,57.12
"6000",2391,8,1.02486668821764,62.45
"6001",2391,8,0.890938911412027,34.02
"6002",2391,8,1.61414890616233,50.25
"6003",2391,8,-0.461731634324658,45.87
"6004",2391,8,-0.997442741547107,29.29
"6005",2391,8,1.44004279631504,32.75
"6006",2391,8,-0.729587187935883,51.69
"6007",2391,8,-1.06440662994991,52.64
"6008",2391,8,0.556119469397996,50.24
"6009",2391,8,-0.957264408505424,52.85
"6029",2401,7,1.10522335430101,69.02
"6030",2401,7,-0.48851718968578,44.67
"6031",2401,7,-0.126912192310627,39.38
"6032",2401,7,-0.957264408505424,41.27
"6033",2401,7,-0.126912192310627,43.9
"6034",2401,7,0.690047246203609,44.08
"6035",2401,7,-1.30547662820002,23.71
"6036",2401,7,0.48915558099519,35.95
"6037",2401,7,-0.515302745046903,51.23
"6038",2401,7,-1.77422384701966,28.43
"6039",2401,7,0.408798914911823,52.74
"6040",2401,7,0.556119469397996,46.96
"6058",2411,4,0.301656693467333,52.52
"6059",2411,4,1.53379224007897,55.59
"6060",2411,4,1.42665001863448,72.27
"6061",2411,4,2.19003834642647,50.47
"6062",2411,4,1.56057779544009,54.91
"6063",2411,4,1.2793294641483,61.6
"6064",2411,4,-0.662623299533076,28.34
"6065",2411,4,-0.783158298658128,47.49
"6066",2411,4,1.42665001863448,66.12
"6067",2411,4,1.90879001513468,35.97
"6068",2411,4,-1.06440662994991,31.54
"6069",2411,4,0.890938911412027,58.87
"6070",2411,4,1.15879446502325,50.02
"6071",2411,4,-0.38137496824129,46.9
"6072",2411,4,0.716832801564731,51.75
"6073",2411,4,0.0204083621755467,55.08
"6074",2411,4,0.3820133595507,46.69
"6075",2411,4,2.36414445627376,57.64
"6076",2411,4,2.19003834642647,57.8
"6077",2411,4,0.944510022134272,51.95
"6078",2411,4,1.68111279456514,56.83
"6079",2411,4,1.44004279631504,49.12
"6080",2412,4,0.797189467648099,58.61
"6081",2412,4,0.408798914911823,50.49
"6082",2412,4,1.6945055722457,52.13
"6083",2412,4,0.730225579245292,66.68
"6084",2412,4,-0.140304969991188,42.49
"6085",2412,4,1.42665001863448,54.6
"6086",2412,4,-1.07779940763047,50.42
"6087",2412,4,-1.64029607021405,40.2
"6088",2412,4,-1.27869107283889,50.97
"6089",2412,4,0.91772446677315,23
"6090",2412,4,0.127550583620037,35.38
"6091",2412,4,1.46682835167616,44.29
"6092",2412,4,-0.394767745921852,41.89
"6093",2412,4,0.355227804189578,52.86
"6094",2412,4,0.770403912286976,45.74
"6095",2412,4,1.17218724270381,42.89
"6096",2412,4,-0.274232746796801,41.18
"6097",2412,4,0.877546133731466,30.39
"6098",2412,4,0.234692805064526,53.76
"6099",2412,4,-0.742979965616444,45.65
"6509",2511,7,0.91772446677315,38.93
"6510",2511,7,-1.89475884614471,49.44
"6511",2511,7,-1.02422829690823,43.03
"6512",2511,7,-0.113519414630066,48.99
"6513",2511,7,1.90879001513468,64.64
"6514",2511,7,-0.247447191435678,52.17
"6515",2511,7,0.770403912286976,56.17
"6516",2511,7,-0.742979965616444,40.49
"6517",2511,7,-0.876907742422056,55.72
"6518",2511,7,-0.970657186185985,45.73
"6519",2511,7,1.85521890441244,57.96
"6520",2511,7,-0.260839969116239,42.69
"6521",2511,7,1.22575835342606,44.5
"6522",2511,7,1.9355755704958,57.67
"6523",2511,7,-0.0331627485466983,46.95
"6524",2511,7,1.76146946064851,48.4
"6569",2522,1,2.1096816803431,61.35
"6570",2522,1,-0.528695522727464,42.11
"6571",2522,1,0.984688355175956,47.24
"6572",2522,1,0.623083357800802,62.73
"6573",2522,1,0.48915558099519,53.7
"6574",2522,1,-0.0197699708661371,51.61
"6575",2522,1,0.475762803314629,59.88
"6576",2522,1,1.11861613198157,42.29
"6577",2522,1,0.636476135481364,48.44
"6578",2522,1,1.02486668821764,28.28
"6579",2522,1,-0.113519414630066,33.3
"6580",2522,1,2.14986001338478,54.71
"6581",2522,1,1.68111279456514,65.09
"6582",2522,1,1.46682835167616,50.07
"6583",2522,1,1.80164779369019,46.23
"6584",2522,1,1.46682835167616,69.53
"6585",2522,1,1.46682835167616,42.83
"6586",2522,1,0.422191692592384,45.59
"6587",2522,1,0.475762803314629,53.91
"6588",2522,1,-0.609052188810832,46.81
"6589",2522,1,0.27487113810621,47.19
"6590",2522,1,0.0873722505783528,29.78
"6635",2541,4,0.261478360425649,47.43
"6636",2541,4,0.154336138981159,54.6
"6637",2541,4,0.341835026509016,46.82
"6638",2541,4,-0.421553301282974,43.87
"6639",2541,4,1.2123655757455,39.77
"6640",2541,4,1.34629335255111,56.65
"6641",2541,4,1.34629335255111,54.88
"6642",2541,4,2.36414445627376,55.58
"6643",2541,4,0.475762803314629,53.54
"6644",2541,4,0.207907249703404,47.03
"6645",2541,4,-0.100126636949505,48.43
"6646",2541,4,-0.287625524477362,57.62
"6647",2541,4,0.27487113810621,54.61
"6648",2541,4,1.33290057487055,51.2
"6649",2541,4,0.770403912286976,46.28
"6650",2542,2,0.59629780243968,48.56
"6651",2542,2,-0.274232746796801,61.41
"6652",2542,2,-1.50636829340843,48.18
"6653",2542,2,-0.582266633449709,45.4
"6654",2542,2,-0.91708607546374,46.43
"6655",2542,2,0.649868913161925,42.42
"6656",2542,2,-0.274232746796801,43.13
"6657",2542,2,0.154336138981159,45.04
"6658",2542,2,1.09183057662045,50.79
"6659",2542,2,0.542726691717435,40.94
"6660",2542,2,0.0739794728977916,39.68
"6661",2542,2,-0.59565941113027,40.89
"6662",2542,2,0.515941136356312,56.92
"6663",2542,2,0.154336138981159,46.66
"6664",2542,2,0.770403912286976,62.13
"6665",2542,2,-1.18494162907496,32.96
"6666",2542,2,0.0338011398561079,64.23
"6667",2542,2,-0.367982190560729,51.18
"6668",2542,2,-0.234054413755117,30.22
"6669",2542,2,-1.62690329253349,45.72
"6670",2542,2,-0.890300520102618,56.13
"6671",2542,2,0.341835026509016,39.2
"6672",2542,2,0.194514472022843,69.96
"6673",2542,2,-1.09119218531104,40.29
"6674",2542,2,-0.408160523602413,47.09
"6675",2542,2,-1.65368884789461,36.36
"6676",2551,6,-1.38583329428338,53.09
"6677",2551,6,0.515941136356312,60.93
"6678",2551,6,-0.582266633449709,36.74
"6679",2551,6,0.475762803314629,53.17
"6680",2551,6,0.221300027383965,55.87
"6681",2551,6,-0.247447191435678,42.1
"6682",2551,6,-0.876907742422056,35.48
"6683",2551,6,0.3820133595507,51.42
"6684",2551,6,1.90879001513468,42.94
"6685",2551,6,-0.649230521852515,40.95
"6686",2551,6,1.25254390878718,42.25
"6687",2551,6,0.59629780243968,37.05
"6688",2551,6,1.41325724095392,51.34
"6689",2551,6,1.23915113110662,40.63
"6690",2551,6,-0.193876080713433,56.11
"6691",2551,6,2.45789390003769,38.38
"6692",2551,6,1.89539723745412,42.16
"6693",2551,6,0.422191692592384,50.08
"6694",2551,6,-0.274232746796801,55.57
"6695",2551,6,0.864153356050905,37.14
"6696",2551,6,0.3820133595507,48.86
"6697",2551,6,1.25254390878718,40.8
"6698",2551,6,1.98914668121805,50.39
"6699",2551,6,0.140943361300598,33.39
"6700",2552,7,0.435584470272945,54.16
"6701",2552,7,0.957902799814833,71.24
"6702",2552,7,1.6945055722457,44.45
"6703",2552,7,1.61414890616233,69.88
"6704",2552,7,0.529333914036874,40.11
"6705",2552,7,-0.38137496824129,51.02
"6706",2552,7,-1.50636829340843,30.98
"6707",2552,7,1.74807668296795,72.24
"6708",2552,7,1.44004279631504,64.95
"6709",2552,7,1.35968613023167,57.94
"6710",2552,7,0.448977247953506,51.11
"6711",2552,7,0.0605866952172304,47.75
"6712",2552,7,-0.609052188810832,56.79
"6713",2552,7,0.904331689092588,61.87
"6714",2552,7,0.301656693467333,56.46
"6715",2552,7,0.850760578370343,60.73
"6716",2552,7,1.37307890791223,58.01
"6724",2562,2,1.14540168734269,59.28
"6725",2562,2,0.823975023009221,58.58
"6726",2562,2,2.05611056962085,58.9
"6727",2562,2,0.435584470272945,52.69
"6728",2562,2,0.59629780243968,76.17
"6729",2562,2,0.70344002388417,57.19
"6730",2562,2,0.59629780243968,48.41
"6731",2562,2,0.355227804189578,41.89
"6732",2562,2,-0.957264408505424,50.8
"6733",2562,2,1.25254390878718,53.61
"6734",2562,2,0.904331689092588,42.9
"6735",2562,2,0.0338011398561079,42.45
"6736",2563,7,-1.7608310693391,30.35
"6737",2563,7,-0.327803857519046,42.99
"6738",2563,7,0.395406137231261,63.21
"6739",2563,7,0.663261690842486,56.56
"6740",2563,7,0.248085582745088,54.17
"6741",2563,7,-0.501909967366342,44.47
"6742",2563,7,-0.649230521852515,33.19
"6743",2563,7,0.582905024759119,42.14
"6744",2563,7,-1.19833440675553,41.91
"6745",2563,7,-1.64029607021405,42.02
"6746",2563,7,-2.14922162207537,52.83
"6747",2563,7,-0.984049963866546,49.6
"6748",2563,7,-1.64029607021405,44.37
"6749",2563,7,0.971295577495395,53.14
"6750",2563,7,-1.27869107283889,39.47
"6751",2563,7,-2.09565051135313,45.52
"6752",2563,7,-0.823336631699811,49.79
"6753",2563,7,0.663261690842486,39.66
"6754",2563,7,-0.234054413755117,46.24
"6755",2563,7,1.09183057662045,62.17
"6756",2563,7,0.730225579245292,49.7
"6757",2563,7,-1.29208385051945,49.25
"6758",2563,7,-0.783158298658128,45.03
"6759",2563,7,-1.11797774067216,59.1
"6760",2563,7,-1.19833440675553,25.86
"6761",2563,7,-0.234054413755117,42.98
"6762",2563,7,-0.863514964741495,46.3
"6763",2563,7,-1.01083551922767,51.18
"6764",2563,7,-0.957264408505424,34.29
"6765",2563,7,0.288263915786771,52.13
"6766",2563,7,-1.03762107458879,36.66
"6767",2563,7,-1.65368884789461,48.32
"7169",2671,2,-0.073341081588382,49.9
"7170",2671,2,1.29272224182886,49.49
"7171",2671,2,0.194514472022843,42.31
"7172",2671,2,-0.247447191435678,56.69
"7173",2671,2,-0.0197699708661371,36.17
"7174",2671,2,1.46682835167616,60.91
"7175",2671,2,0.408798914911823,55.56
"7176",2671,2,-0.180483303032872,49.56
"7177",2671,2,-0.434946078963535,38.58
"7178",2671,2,1.53379224007897,70.51
"7179",2671,2,0.48915558099519,57.09
"7180",2671,2,0.3820133595507,55.89
"7181",2671,2,0.783796689967537,51.39
"7182",2671,2,0.181121694342282,53.39
"7183",2671,2,0.770403912286976,55.84
"7184",2671,2,0.998081132856517,47.93
"7257",2683,7,-1.39922607196394,62.49
"7258",2683,7,-1.02422829690823,40.71
"7259",2683,7,-0.903693297783179,45
"7260",2683,7,-0.729587187935883,51.98
"7261",2683,7,-0.38137496824129,47.92
"7262",2683,7,-1.42601162732507,33.51
"7263",2683,7,0.27487113810621,36.24
"7264",2683,7,-0.649230521852515,46.31
"7265",2683,7,-1.97511551222808,45.34
"7266",2683,7,-0.984049963866546,37.03
"7267",2683,7,-0.70280163257476,44.82
"7268",2683,7,-0.756372743297005,59.26
"7269",2683,7,-0.823336631699811,66.58
"7270",2683,7,-0.542088300408025,34.61
"7271",2683,7,-1.54654662645012,44.79
"7272",2683,7,-0.220661636074556,38.2
"7273",2683,7,-0.0599483039078208,52.56
"7274",2683,7,-0.421553301282974,41.62
"7275",2683,7,0.944510022134272,44.18
"7276",2683,7,-0.622444966491393,52.65
"7277",2683,7,-1.61351051485292,32.13
"7278",2683,7,0.757011134606415,51.08
"7279",2683,7,0.0873722505783528,43.51
"7280",2683,7,0.676654468523047,44.29
"7281",2683,7,-0.836729409380373,49.34
"7282",2683,7,-1.519761071089,58.64
"7283",2683,7,-1.53315384876956,42.78
"7619",2781,4,-0.207268858393994,36.94
"7620",2781,4,-0.421553301282974,46.98
"7621",2781,4,-1.43940440500563,47.72
"7622",2781,4,-0.448338856644097,56.35
"7623",2781,4,-0.769765520977566,54.04
"7624",2781,4,-0.997442741547107,36.68
"7625",2781,4,1.2793294641483,71.04
"7626",2781,4,-0.193876080713433,45.19
"7627",2781,4,1.37307890791223,33.5
"7628",2781,4,-0.582266633449709,29.68
"7629",2781,4,0.181121694342282,47.56
"7630",2781,4,-0.167090525352311,47.76
"7631",2781,4,-0.957264408505424,50.26
"7632",2781,4,2.16325279106534,58.06
"7633",2781,4,0.676654468523047,45.39
"7634",2781,4,-0.140304969991188,43.27
"7635",2781,4,0.890938911412027,63.01
"7636",2781,4,0.288263915786771,50.36
"7637",2781,4,0.957902799814833,53.35
"7638",2781,4,0.0338011398561079,49.95
"7639",2781,4,0.649868913161925,44.5
"7640",2781,4,0.181121694342282,52.41
"7641",2781,4,-0.193876080713433,52.28
"7642",2781,4,0.757011134606415,49.08
"7643",2781,4,-0.542088300408025,59.25
"7644",2782,8,0.0204083621755467,59.42
"7645",2782,8,-1.25190551747777,44.55
"7646",2782,8,-0.70280163257476,48.82
"7647",2782,8,0.408798914911823,51.96
"7648",2782,8,1.72129112760682,49.13
"7649",2782,8,1.54718501775953,69.36
"7650",2782,8,-1.53315384876956,55.68
"7651",2782,8,-1.19833440675553,46.28
"7652",2782,8,-0.689408854894199,58.64
"7653",2782,8,-1.73404551397798,54.75
"7654",2782,8,1.41325724095392,53.94
"7655",2782,8,0.91772446677315,72.89
"7656",2782,8,0.93111724445371,70.76
"7657",2782,8,-0.649230521852515,44.91
"7658",2782,8,-0.0063771931855758,73.88
"7659",2782,8,0.328442248828455,60.89
"7660",2782,8,-0.716194410255321,47.69
"7661",2782,8,-0.876907742422056,59.76
"7662",2782,8,0.114157805939475,57.45
"7663",2782,8,0.797189467648099,62.14
"7664",2782,8,-1.64029607021405,61.47
"7665",2782,8,1.25254390878718,48.15
"7666",2791,6,-0.622444966491393,52.87
"7667",2791,6,0.837367800689782,50.03
"7668",2791,6,-1.57333218181124,41.51
"7669",2791,6,1.46682835167616,37.42
"7670",2791,6,1.18558002038437,64.42
"7671",2791,6,-1.42601162732507,45.44
"7672",2791,6,-0.354589412880168,46.06
"7673",2791,6,-1.07779940763047,46.37
"7674",2791,6,0.0605866952172304,46.66
"7675",2791,6,-1.18494162907496,29.01
"7676",2791,6,-0.234054413755117,35.69
"7677",2791,6,-0.836729409380373,49.16
"7678",2791,6,-0.635837744171954,55.9
"7679",2791,6,-1.42601162732507,45.84
"7680",2791,6,-0.742979965616444,35.44
"7681",2791,6,-1.1715488513944,43.21
"7682",2791,6,0.368620581870139,48.36
"7683",2791,6,-1.42601162732507,74.14
"7684",2791,6,0.529333914036874,46.76
"7685",2791,6,-1.37244051660282,36.97
"7686",2791,6,-1.1045849629916,43.84
"7687",2791,6,-1.78761662470022,43.24
"7688",2791,6,2.19003834642647,56.9
"7689",2791,6,-1.80100940238078,47.64
"7690",2791,6,-1.61351051485292,38.84
"7691",2791,6,-1.05101385226935,42.96
"7692",2791,6,-1.11797774067216,41.58
"7693",2791,6,-2.35011328728379,45.96
"7694",2792,7,-0.140304969991188,80.02
"7695",2792,7,1.53379224007897,62.47
"7696",2792,7,1.48022112935672,66.48
"7697",2792,7,0.797189467648099,52.83
"7698",2792,7,-1.25190551747777,44.79
"7699",2792,7,-0.354589412880168,48.08
"7700",2792,7,-1.15815607371384,41.06
"7701",2792,7,-1.13137051835272,49.99
"7702",2792,7,-0.0465555262272595,33.41
"7703",2792,7,-1.15815607371384,35.25
"7704",2792,7,-0.622444966491393,52.75
"7705",2792,7,-0.247447191435678,47.9
"7706",2792,7,0.877546133731466,47.48
"7707",2792,7,-0.676016077213638,48.89
"7708",2792,7,1.60075612848177,59.58
"7709",2801,6,-0.515302745046903,49.72
"7710",2801,6,-1.42601162732507,49.23
"7711",2801,6,-1.22511996211665,57
"7712",2801,6,-0.180483303032872,35.73
"7713",2801,6,-1.31886940588058,58.75
"7714",2801,6,-0.850122187060934,42.01
"7715",2801,6,1.80164779369019,28.94
"7716",2801,6,0.502548358675751,50.73
"7717",2801,6,-0.0599483039078208,48.34
"7718",2801,6,0.355227804189578,51.79
"7719",2801,6,-0.930478853144301,50.66
"7720",2801,6,0.690047246203609,63.51
"7721",2801,6,0.395406137231261,46.16
"7722",2801,6,-0.876907742422056,58.61
"7723",2801,6,1.23915113110662,40.67
"7724",2801,6,-0.193876080713433,46.2
"7725",2801,6,-2.36350606496435,59.87
"7726",2802,4,-0.542088300408025,45.39
"7727",2802,4,-0.716194410255321,50.05
"7728",2802,4,0.248085582745088,42.21
"7729",2802,4,0.542726691717435,40.26
"7730",2802,4,0.0471939175366691,47.12
"7731",2802,4,0.248085582745088,52.32
"7732",2802,4,0.207907249703404,56.05
"7733",2802,4,-1.92154440150583,34.62
"7734",2802,4,0.823975023009221,42.59
"7735",2802,4,-1.77422384701966,39.96
"7736",2802,4,-0.850122187060934,37.14
"7737",2802,4,-0.38137496824129,55.71
"7738",2802,4,-0.461731634324658,36.06
"7739",2802,4,1.06504502125932,44.56
"7740",2802,4,-1.88136606846415,53.34
"7741",2811,8,-1.39922607196394,48.97
"7742",2811,8,-0.930478853144301,64.48
"7743",2811,8,-0.100126636949505,30.88
"7744",2811,8,-0.649230521852515,24.8
"7745",2811,8,0.569512247078557,32.03
"7746",2811,8,-1.02422829690823,35.77
"7747",2811,8,-1.7608310693391,27.67
"7748",2811,8,-0.0063771931855758,35.16
"7749",2811,8,-0.863514964741495,25.84
"7750",2811,8,-1.31886940588058,31.74
"7751",2811,8,-1.25190551747777,56.34
"7752",2811,8,-1.37244051660282,34.66
"7753",2811,8,-0.367982190560729,38.08
"7754",2811,8,-1.96172273454752,46.73
"7755",2811,8,-1.23851273979721,46.04
"7756",2811,8,-0.461731634324658,47.03
"7757",2811,8,-1.09119218531104,37.63
"7758",2811,8,-1.47958273804731,45.26
"7759",2811,8,-0.448338856644097,40.39
"7760",2811,8,-1.14476329603328,49.96
"7761",2811,8,-0.930478853144301,44.24
"7762",2812,6,0.368620581870139,59.68
"7763",2812,6,-1.1045849629916,33.7
"7764",2812,6,0.0739794728977916,53.87
"7765",2812,6,1.35968613023167,53
"7766",2812,6,1.0382594658982,51.18
"7767",2812,6,-0.327803857519046,50.93
"7768",2812,6,-1.88136606846415,39.05
"7769",2812,6,-0.461731634324658,47.81
"7770",2812,6,-1.23851273979721,37.77
"7771",2812,6,0.757011134606415,46.15
"7772",2812,6,-0.70280163257476,49.05
"7773",2812,6,-0.354589412880168,38.3
"7774",2812,6,-1.42601162732507,47.66
"7775",2812,6,-0.260839969116239,46.36
"7776",2812,6,-0.0063771931855758,37.35
"7777",2812,6,-1.14476329603328,41.99
"7778",2812,6,-2.1760071774365,31.38
"7779",2812,6,-1.23851273979721,38.33
"7780",2812,6,-1.39922607196394,33.31
"7781",2812,6,-1.42601162732507,41.66
"7782",2821,7,-0.314411079838484,43.82
"7783",2821,7,-1.05101385226935,27.5
"7784",2821,7,-0.314411079838484,42.43
"7785",2821,7,-0.756372743297005,49.32
"7786",2821,7,0.194514472022843,62.03
"7787",2821,7,0.435584470272945,35.68
"7788",2821,7,-0.0867338592689433,49.26
"7789",2821,7,0.837367800689782,48.02
"7790",2821,7,-0.783158298658128,55.13
"7791",2821,7,0.636476135481364,48.68
"7792",2821,7,-0.876907742422056,43.07
"7793",2821,7,-0.314411079838484,32.8
"7794",2821,7,1.56057779544009,49.26
"7795",2821,7,-1.47958273804731,45.14
"7796",2821,7,0.48915558099519,45.21
"7797",2821,7,-1.50636829340843,32.34
"7798",2821,7,-0.153697747671749,60.05
"7799",2821,7,0.877546133731466,50.35
"7800",2821,7,0.301656693467333,42.91
"7801",2821,7,1.46682835167616,58.76
"7802",2821,7,-1.3456549612417,58.37
"7803",2821,7,0.890938911412027,49.1
"7804",2822,3,-1.06440662994991,34.89
"7805",2822,3,-0.515302745046903,42.81
"7806",2822,3,-0.247447191435678,43
"7807",2822,3,-1.37244051660282,48.71
"7808",2822,3,-0.729587187935883,24.36
"7809",2822,3,-0.850122187060934,35.08
"7810",2822,3,-0.622444966491393,40.33
"7811",2822,3,-1.03762107458879,36.05
"7812",2822,3,-1.1715488513944,43.37
"7813",2822,3,-0.689408854894199,29.88
"7814",2822,3,-1.22511996211665,39.48
"7815",2822,3,-0.582266633449709,30.9
"7816",2822,3,-0.676016077213638,41.1
"7817",2822,3,0.140943361300598,46.97
"7818",2822,3,-1.37244051660282,35.51
"7819",2831,7,-1.22511996211665,41.55
"7820",2831,7,-1.30547662820002,29.84
"7821",2831,7,-1.65368884789461,49.14
"7822",2831,7,0.422191692592384,57.8
"7823",2831,7,-1.18494162907496,44.15
"7824",2831,7,-0.863514964741495,29.21
"7825",2831,7,-0.903693297783179,58.24
"7826",2831,7,-0.180483303032872,47.22
"7827",2831,7,-0.542088300408025,37.36
"7828",2831,7,0.730225579245292,29.06
"7829",2831,7,0.100765028258914,39.84
"7830",2831,7,-1.39922607196394,47.1
"7831",2831,7,-0.193876080713433,38.98
"7832",2831,7,-0.542088300408025,40.91
"7833",2831,7,-0.274232746796801,46.81
"7834",2831,7,-1.35904773892226,35.26
"7835",2831,7,0.690047246203609,40.45
"7836",2831,7,-1.64029607021405,35.52
"7837",2832,2,-1.18494162907496,66.26
"7838",2832,2,1.01147391053708,66.12
"7839",2832,2,-0.528695522727464,71.22
"7840",2832,2,-1.07779940763047,54.9
"7841",2832,2,-0.475124412005219,61.98
"7842",2832,2,0.663261690842486,69.42
"7843",2832,2,0.00701558449498541,61.22
"7844",2832,2,-1.33226218356114,62.99
"7845",2832,2,-1.02422829690823,57.99
"7846",2832,2,-1.41261884964451,61.33
"7847",2832,2,-0.113519414630066,66.85
"7848",2832,2,1.38647168559279,67.87
"7849",2832,2,1.90879001513468,63.94
"7850",2832,2,1.6945055722457,73.7
"7851",2832,2,-0.716194410255321,70.36
"7852",2832,2,0.730225579245292,64.01
"7853",2832,2,-0.301018302157923,57.35
"7854",2832,2,-0.649230521852515,68.25
"7855",2832,2,1.70789834992626,57.39
"7856",2841,4,-0.38137496824129,66.5
"7857",2841,4,0.556119469397996,36.71
"7858",2841,4,-0.100126636949505,50.16
"7859",2841,4,-1.27869107283889,50.28
"7860",2841,4,-1.30547662820002,52.18
"7861",2841,4,1.44004279631504,51.46
"7862",2841,4,1.6945055722457,35.73
"7863",2841,4,1.44004279631504,53.69
"7864",2841,4,-0.635837744171954,68.71
"7865",2841,4,0.315049471147894,44.75
"7866",2841,4,-1.27869107283889,43.91
"7867",2841,4,-0.676016077213638,33.41
"7868",2841,4,-0.287625524477362,45.72
"7869",2841,4,0.823975023009221,44.99
"7870",2841,4,0.248085582745088,47.73
"7871",2841,4,0.100765028258914,33.51
"7872",2841,4,0.823975023009221,60.51
"7873",2841,4,0.971295577495395,44.62
"7874",2841,4,-0.260839969116239,53.45
"7875",2841,4,1.2123655757455,55
"7876",2841,4,-0.234054413755117,31.21
"7877",2841,4,0.877546133731466,47.96
"7878",2841,4,-1.49297551572787,66.59
"7879",2841,4,-1.23851273979721,61.97
"7880",2841,4,-0.930478853144301,53.8
"7881",2842,1,-1.57333218181124,49.44
"7882",2842,1,-0.970657186185985,31.68
"7883",2842,1,-1.53315384876956,63.99
"7884",2842,1,-1.35904773892226,36.71
"7885",2842,1,-0.073341081588382,40.77
"7886",2842,1,0.114157805939475,52.12
"7887",2842,1,-0.354589412880168,30.88
"7888",2842,1,-1.61351051485292,40.01
"7889",2842,1,-1.37244051660282,38.55
"7890",2842,1,-1.98850828990864,42.27
"7891",2842,1,-1.55993940413068,41.62
"7892",2851,7,-0.903693297783179,34.24
"7893",2851,7,0.261478360425649,43.66
"7894",2851,7,0.368620581870139,37.74
"7895",2851,7,-0.622444966491393,25.47
"7896",2851,7,-1.65368884789461,54.77
"7897",2851,7,-1.19833440675553,52.72
"7898",2851,7,-0.180483303032872,38.93
"7899",2851,7,-1.7608310693391,34.49
"7900",2851,7,1.60075612848177,45.02
"7901",2851,7,0.59629780243968,64.05
"7902",2851,7,-0.408160523602413,44.41
"7903",2851,7,-0.756372743297005,59.1
"7904",2851,7,-0.676016077213638,66.11
"7905",2851,7,1.09183057662045,43.47
"7906",2851,7,-1.1715488513944,64.42
"7907",2851,7,-0.301018302157923,39.82
"7908",2851,7,-1.26529829515833,32.3
"7909",2851,7,-0.140304969991188,54.9
"7910",2851,7,-1.09119218531104,45.63
"7911",2851,7,-0.970657186185985,48.73
"7912",2851,7,-0.501909967366342,29.44
"7913",2851,7,-1.05101385226935,43.16
"7914",2851,7,-1.31886940588058,54.72
"7915",2851,7,-1.47958273804731,56.88
"7916",2851,7,-0.38137496824129,38.84
"7917",2851,7,-0.582266633449709,43.39
"7918",2851,7,-0.0063771931855758,55.71
"7919",2852,6,-0.997442741547107,34.7
"7920",2852,6,-0.555481078088587,44.97
"7921",2852,6,-1.38583329428338,43.9
"7922",2852,6,-1.7608310693391,40.48
"7923",2852,6,0.462370025634068,40.45
"7924",2852,6,-0.836729409380373,44.63
"7925",2852,6,0.783796689967537,38.93
"7926",2852,6,-2.1760071774365,37.42
"7927",2852,6,-0.729587187935883,44.24
"7928",2852,6,0.556119469397996,42.12
"7929",2852,6,1.11861613198157,43.33
"7930",2852,6,-1.66708162557517,53.41
"7931",2852,6,-0.314411079838484,55.7
"7932",2852,6,-0.0465555262272595,44.3
"7933",2852,6,-0.207268858393994,51.11
"7934",2852,6,-0.943871630824863,28.57
"7935",2852,6,-1.05101385226935,45.45
"7936",2852,6,-0.649230521852515,32.07
"7937",2852,6,-0.568873855769148,43.68
"7938",2852,6,-1.1715488513944,47.25
"7939",2852,6,-0.408160523602413,49.88
"7940",2852,6,-0.649230521852515,47.64
"7941",2852,6,0.154336138981159,42.71
"7942",2852,6,-0.113519414630066,38.03
"7943",2861,5,-0.287625524477362,44.64
"7944",2861,5,1.70789834992626,67.06
"7945",2861,5,-0.997442741547107,42.99
"7946",2861,5,-1.80100940238078,59.1
"7947",2861,5,-1.30547662820002,36.68
"7948",2861,5,-0.555481078088587,52
"7949",2861,5,-0.568873855769148,45.4
"7950",2861,5,-0.568873855769148,46.9
"7951",2861,5,-1.42601162732507,54.94
"7952",2861,5,-2.1760071774365,52.67
"7953",2861,5,-1.27869107283889,41.2
"7954",2861,5,-0.327803857519046,43.28
"7955",2861,5,-2.55100495249221,49.12
"7956",2861,5,-1.77422384701966,43.39
"7957",2861,5,-0.756372743297005,54.9
"7958",2861,5,0.181121694342282,50.91
"7959",2861,5,-1.23851273979721,55.56
"7960",2861,5,-0.542088300408025,55.29
"7961",2861,5,-1.07779940763047,43.53
"7962",2861,5,-1.54654662645012,38.92
"7963",2861,5,0.315049471147894,41.53
"7964",2861,5,-0.461731634324658,70.07
"7965",2861,5,-1.18494162907496,46.2
"7966",2861,5,0.448977247953506,44.7
"7967",2862,7,-0.649230521852515,33.36
"7968",2862,7,-1.15815607371384,35.15
"7969",2862,7,-1.27869107283889,34.73
"7970",2862,7,-1.96172273454752,48.76
"7971",2862,7,-0.301018302157923,51.32
"7972",2862,7,-0.0331627485466983,49.63
"7973",2862,7,-0.662623299533076,22.61
"7974",2862,7,1.39986446327335,42.76
"7975",2862,7,0.70344002388417,54.3
"7976",2862,7,-1.37244051660282,35.11
"7977",2862,7,0.181121694342282,42.16
"7978",2862,7,-0.126912192310627,44.64
"7979",2862,7,-0.943871630824863,38.93
"7980",2862,7,-1.53315384876956,37.08
"7981",2862,7,-0.38137496824129,40.98
"7982",2862,7,-1.39922607196394,29.51
"7983",2862,7,-1.86797329078359,54.33
"7984",2862,7,1.2123655757455,64.63
"7985",2862,7,-1.54654662645012,38.54
"7986",2862,7,1.84182612673187,67.82
"7987",2862,7,-1.18494162907496,55.08
"7988",2862,7,0.70344002388417,35.43
"7989",2862,7,-0.515302745046903,41.85
"7990",2862,7,-0.783158298658128,51.39
"7991",2862,7,0.194514472022843,48.03
"7992",2871,5,0.127550583620037,48.07
"7993",2871,5,0.221300027383965,41.27
"7994",2871,5,-0.220661636074556,63.51
"7995",2871,5,0.475762803314629,51.78
"7996",2871,5,-1.01083551922767,49.75
"7997",2871,5,0.435584470272945,41.73
"7998",2871,5,0.502548358675751,46.13
"7999",2871,5,0.529333914036874,58.3
"8000",2871,5,-0.0197699708661371,39.72
"8001",2871,5,-1.03762107458879,62
"8002",2871,5,-0.48851718968578,47.12
"8003",2871,5,0.0605866952172304,43.94
"8004",2871,5,-0.461731634324658,64.65
"8005",2871,5,0.0471939175366691,60.22
"8006",2871,5,0.448977247953506,53.22
"8007",2871,5,-0.997442741547107,35.86
"8008",2871,5,1.78825501600963,38.2
"8009",2871,5,0.569512247078557,43.39
"8010",2871,5,-1.42601162732507,40.64
"8011",2871,5,2.43110834467657,55.21
"8012",2871,5,0.194514472022843,53.15
"8013",2871,5,-0.274232746796801,46.47
"8014",2871,5,-0.0197699708661371,50.94
"8015",2871,5,-0.180483303032872,43.83
"8016",2871,5,1.15879446502325,60.47
"8017",2871,5,-1.05101385226935,34.19
"8018",2871,5,-0.59565941113027,35.1
"8019",2871,5,-0.180483303032872,48.93
"8020",2872,4,-1.42601162732507,45.41
"8021",2872,4,0.127550583620037,39.53
"8022",2872,4,-1.85458051310303,51.06
"8023",2872,4,-2.35011328728379,27.55
"8024",2872,4,0.743618356925854,46.58
"8025",2872,4,-0.113519414630066,49.02
"8026",2872,4,0.248085582745088,61.95
"8027",2872,4,-0.742979965616444,30.7
"8028",2872,4,-0.341196635199607,48.79
"8029",2872,4,0.48915558099519,47.7
"8030",2872,4,0.984688355175956,79.84
"8031",2872,4,-1.13137051835272,59.75
"8032",2872,4,0.127550583620037,63.72
"8033",2872,4,-1.31886940588058,39.62
"8034",2872,4,-0.823336631699811,38.44
"8035",2872,4,-0.220661636074556,50.18
"8036",2872,4,-0.408160523602413,62.13
"8037",2872,4,-0.783158298658128,53.53
"8038",2881,6,-0.48851718968578,42.59
"8039",2881,6,-0.70280163257476,42.51
"8040",2881,6,-0.0867338592689433,23.36
"8041",2881,6,-1.1045849629916,39.96
"8042",2881,6,-1.27869107283889,33.67
"8043",2881,6,1.2793294641483,47.56
"8044",2881,6,0.341835026509016,51.11
"8045",2881,6,-1.06440662994991,30.66
"8046",2881,6,2.12307445802366,38.06
"8047",2881,6,-1.47958273804731,32.37
"8048",2881,6,-1.15815607371384,27.56
"8049",2881,6,-1.41261884964451,38.39
"8050",2881,6,-1.22511996211665,37.28
"8051",2881,6,-0.140304969991188,32.78
"8052",2881,6,-2.36350606496435,41.86
"8053",2881,6,-0.394767745921852,44.23
"8054",2881,6,0.823975023009221,38.77
"8055",2881,6,0.0873722505783528,41.69
"8056",2881,6,0.448977247953506,83.27
"8057",2881,6,-0.649230521852515,43.06
"8058",2881,6,-1.07779940763047,47.27
"8059",2881,6,1.89539723745412,50.33
"8060",2881,6,-0.234054413755117,45.37
"8061",2881,6,-1.22511996211665,47.38
"8062",2881,6,-1.73404551397798,53.18
"8063",2881,6,-1.47958273804731,51.68
"8064",2881,6,-1.06440662994991,27.88
"8065",2881,6,-0.394767745921852,43.16
"8087",2891,6,-0.542088300408025,41.5
"8088",2891,6,0.395406137231261,56.09
"8089",2891,6,-0.635837744171954,34.78
"8090",2891,6,-0.850122187060934,46.6
"8091",2891,6,-1.42601162732507,50.36
"8092",2891,6,-1.65368884789461,45.68
"8093",2891,6,-0.649230521852515,40.92
"8094",2891,6,-2.21618551047818,34.71
"8095",2891,6,-1.33226218356114,42.76
"8096",2891,6,0.48915558099519,43.4
"8097",2891,6,1.39986446327335,50.04
"8098",2891,6,0.261478360425649,54.07
"8099",2891,6,1.05165224357876,42.22
"8100",2891,6,-1.06440662994991,49.36
"8101",2891,6,-1.19833440675553,51.26
"8102",2891,6,-1.06440662994991,45.4
"8103",2891,6,-0.59565941113027,44.92
"8104",2891,6,0.623083357800802,50.74
"8105",2891,6,0.0204083621755467,39.49
"8106",2891,6,-0.943871630824863,33.12
"8107",2891,6,-0.354589412880168,47.15
"8108",2891,6,-0.756372743297005,40.96
"8109",2891,6,0.154336138981159,55.28
"8110",2891,6,0.181121694342282,40.45
"9109",3101,4,1.2793294641483,41.88
"9110",3101,4,0.743618356925854,57.84
"9111",3101,4,-1.18494162907496,37.46
"9112",3101,4,0.998081132856517,52.7
"9113",3101,4,0.971295577495395,63.67
"9114",3101,4,1.78825501600963,42.04
"9115",3101,4,-0.796551076338689,53.76
"9116",3101,4,-0.38137496824129,45.25
"9117",3101,4,0.234692805064526,57.92
"9118",3101,4,0.0338011398561079,59.6
"9119",3101,4,2.12307445802366,56.59
"9120",3101,4,1.34629335255111,57.74
"9121",3101,4,0.716832801564731,44.62
"9122",3102,3,0.93111724445371,45.11
"9123",3102,3,1.18558002038437,74.87
"9124",3102,3,0.743618356925854,38.94
"9125",3102,3,0.783796689967537,52.01
"9126",3102,3,-0.970657186185985,45.17
"9127",3102,3,-0.91708607546374,42.74
"9128",3102,3,1.07843779893988,57.96
"9129",3102,3,0.0338011398561079,30.35
"9130",3102,3,1.37307890791223,61.15
"9131",3102,3,-2.04207940063088,51.59
"9132",3102,3,0.0471939175366691,49.49
"9133",3102,3,-1.86797329078359,43.96
"9134",3102,3,0.663261690842486,60.98
"9135",3102,3,-1.14476329603328,35.58
"9136",3102,3,0.743618356925854,60.82
"9137",3102,3,-0.38137496824129,43.77
"9138",3111,6,-0.180483303032872,57.6
"9139",3111,6,0.515941136356312,44.07
"9140",3111,6,0.676654468523047,28.23
"9141",3111,6,-1.78761662470022,33.66
"9142",3111,6,-0.649230521852515,36.74
"9143",3111,6,0.81058224532866,39.27
"9144",3111,6,1.81504057137075,46.27
"9145",3111,6,1.18558002038437,44.11
"9146",3111,6,-0.126912192310627,31.81
"9147",3111,6,-0.59565941113027,37.26
"9148",3111,6,0.194514472022843,34.8
"9149",3111,6,0.877546133731466,51.8
"9150",3111,6,0.81058224532866,40.55
"9151",3111,6,0.529333914036874,50.17
"9152",3111,6,0.00701558449498541,50.97
"9153",3111,6,-0.582266633449709,37.04
"9154",3111,6,-0.876907742422056,48.1
"9155",3111,6,-0.260839969116239,41.99
"9156",3111,6,0.154336138981159,34.94
"9157",3111,6,-1.22511996211665,34.83
"9158",3111,6,1.76146946064851,59.81
"9159",3111,6,-1.519761071089,55.26
"9160",3111,6,0.341835026509016,46.32
"9161",3111,6,1.46682835167616,61.99
"9162",3111,6,-0.997442741547107,34.37
"9163",3111,6,-1.33226218356114,37.51
"9164",3111,6,-0.542088300408025,45.82
"9165",3112,4,-0.568873855769148,32.71
"9166",3112,4,-0.180483303032872,46.37
"9167",3112,4,1.23915113110662,60.96
"9168",3112,4,0.248085582745088,33.26
"9169",3112,4,1.68111279456514,52.83
"9170",3112,4,0.154336138981159,48.55
"9171",3112,4,2.27039501250983,30.61
"9172",3112,4,-1.19833440675553,27.48
"9173",3112,4,0.114157805939475,44.92
"9174",3112,4,-1.07779940763047,48.1
"9175",3112,4,-1.41261884964451,39.44
"9176",3112,4,0.663261690842486,63.57
"9177",3112,4,0.100765028258914,59.24
"9178",3112,4,-1.21172718443609,45.78
"9179",3112,4,-0.649230521852515,73
"9180",3112,4,0.435584470272945,50.6
"9181",3112,4,0.91772446677315,56.43
"9182",3121,4,1.56057779544009,42.65
"9183",3121,4,0.0204083621755467,48.71
"9184",3121,4,0.690047246203609,46.9
"9185",3121,4,0.0204083621755467,35.65
"9186",3121,4,0.743618356925854,35.05
"9187",3121,4,-0.341196635199607,45.17
"9188",3121,4,0.341835026509016,59.52
"9189",3121,4,0.649868913161925,59.19
"9190",3121,4,1.01147391053708,58.84
"9191",3121,4,-0.501909967366342,30.41
"9192",3121,4,-0.716194410255321,51.99
"9193",3121,4,1.05165224357876,56.08
"9194",3121,4,0.328442248828455,49.96
"9195",3121,4,-0.515302745046903,50.7
"9196",3121,4,0.234692805064526,52.87
"9197",3122,4,2.53825056612106,75.62
"9198",3122,4,2.21682390178759,55.86
"9199",3122,4,1.09183057662045,66.16
"9200",3122,4,1.35968613023167,62.43
"9648",3261,6,0.100765028258914,41.58
"9649",3261,6,0.0605866952172304,38.96
"9650",3261,6,0.556119469397996,56.95
"9651",3261,6,1.39986446327335,48.14
"9652",3261,6,2.1096816803431,51.62
"9653",3261,6,-0.997442741547107,39.05
"9654",3261,6,2.12307445802366,47.17
"9655",3261,6,1.49361390703728,50.11
"9656",3261,6,0.542726691717435,49
"9657",3261,6,0.368620581870139,57.17
"9658",3261,6,0.542726691717435,52.5
"9659",3261,6,-1.80100940238078,37.95
"9660",3261,6,0.154336138981159,37.61
"9661",3261,6,0.341835026509016,34.05
"9662",3261,6,0.448977247953506,46.11
"9663",3261,6,0.649868913161925,34.13
"9664",3261,6,-1.50636829340843,45.14
"9665",3261,6,-0.0197699708661371,35
"9666",3261,6,-0.140304969991188,47.95
"9667",3262,4,1.23915113110662,59.97
"9668",3262,4,-0.100126636949505,58.57
"9669",3262,4,-0.0599483039078208,70.4
"9670",3262,4,0.448977247953506,52.84
"9671",3262,4,1.73468390528739,28.62
"9672",3262,4,0.248085582745088,69.1
"9673",3262,4,0.100765028258914,52.88
"9674",3262,4,0.542726691717435,56.82
"9675",3262,4,-0.80994385401925,39.14
"9676",3262,4,0.676654468523047,54.97
"9677",3262,4,0.569512247078557,50.73
"9678",3262,4,0.0605866952172304,67.46
"9679",3262,4,-0.662623299533076,50.87
"9680",3262,4,-0.649230521852515,63.87
"9681",3262,4,0.181121694342282,57.6
"9682",3262,4,0.770403912286976,47.45
"9683",3262,4,0.569512247078557,46.44
"9684",3262,4,0.315049471147894,53.28
"9685",3262,4,-0.0599483039078208,58.69
"9686",3262,4,0.609690580120241,52.45
"9687",3262,4,-0.742979965616444,42.02
"9688",3262,4,-0.341196635199607,33.19
"9689",3262,4,-0.167090525352311,39.03
"9690",3262,4,0.649868913161925,38.47
"9691",3271,8,0.542726691717435,48.23
"9692",3271,8,-0.609052188810832,34.81
"9693",3271,8,-0.769765520977566,55.7
"9694",3271,8,-1.39922607196394,43.17
"9695",3271,8,-0.609052188810832,40.6
"9696",3271,8,1.96236112585693,53.69
"9697",3271,8,0.355227804189578,38.07
"9698",3271,8,-1.18494162907496,36.24
"9699",3271,8,0.248085582745088,42.16
"9700",3271,8,0.341835026509016,54.11
"9701",3271,8,0.475762803314629,40.03
"9702",3271,8,0.904331689092588,59.01
"9703",3271,8,0.315049471147894,32.85
"9704",3271,8,0.623083357800802,47.01
"9705",3271,8,0.515941136356312,39.07
"9706",3271,8,1.06504502125932,43.82
"9707",3271,8,0.27487113810621,40.19
"9708",3271,8,-0.0599483039078208,40.4
"9709",3271,8,0.475762803314629,50.35
"9710",3271,8,-0.301018302157923,40.58
"9711",3271,8,0.636476135481364,47.45
"9712",3271,8,-0.515302745046903,47.09
"9713",3271,8,-1.66708162557517,48.25
"9714",3271,8,-0.0197699708661371,35.4
"9715",3271,8,-0.38137496824129,34.16
"9716",3271,8,-0.408160523602413,43.34
"9717",3271,8,0.542726691717435,37.92
"9718",3272,6,1.07843779893988,51.02
"9719",3272,6,-0.0465555262272595,52.66
"9720",3272,6,-0.140304969991188,47.09
"9721",3272,6,-0.314411079838484,35.97
"9722",3272,6,-1.41261884964451,36.31
"9723",3272,6,0.00701558449498541,58.43
"9724",3272,6,2.41771556699601,49
"9725",3272,6,-0.756372743297005,31.41
"9726",3272,6,-0.247447191435678,62.18
"9727",3272,6,-2.10904328903369,37.45
"9728",3272,6,-0.501909967366342,37.66
"9729",3272,6,-0.649230521852515,45.94
"9730",3272,6,-1.73404551397798,55.05
"9731",3272,6,-1.39922607196394,37.14
"9732",3272,6,-1.73404551397798,52.02
"9733",3272,6,-0.555481078088587,60.94
"9734",3272,6,-0.0465555262272595,39.51
"9735",3272,6,-1.3456549612417,52.8
"9736",3272,6,1.17218724270381,50.77
"9737",3272,6,-1.25190551747777,61.42
"9738",3272,6,0.690047246203609,36.36
"9739",3272,6,0.0204083621755467,36.37
"9754",3282,8,-1.06440662994991,45.44
"9755",3282,8,-1.03762107458879,40.68
"9756",3282,8,-0.528695522727464,36
"9757",3282,8,0.315049471147894,41.23
"9758",3282,8,-1.25190551747777,37.95
"9759",3282,8,0.341835026509016,31.78
"9760",3282,8,-1.30547662820002,35.52
"9761",3282,8,-0.367982190560729,30.69
"9762",3282,8,-1.06440662994991,36.61
"9763",3282,8,-0.649230521852515,43.73
"9764",3282,8,-1.19833440675553,33.07
"9765",3282,8,-0.48851718968578,31.97
"9766",3282,8,-0.461731634324658,35.68
"10131",3381,6,1.05165224357876,62.09
"10132",3381,6,1.31950779718999,49.85
"10133",3381,6,0.70344002388417,59.68
"10134",3381,6,-0.930478853144301,65.1
"10135",3381,6,-0.70280163257476,41.49
"10136",3381,6,0.542726691717435,50.53
"10137",3381,6,0.3820133595507,56.85
"10138",3381,6,-0.863514964741495,61.21
"10139",3381,6,-0.341196635199607,58.09
"10140",3381,6,0.904331689092588,61.68
"10141",3381,6,-0.783158298658128,52.6
"10142",3381,6,0.783796689967537,60.88
"10143",3381,6,-0.367982190560729,56.05
"10144",3381,6,-1.02422829690823,48.99
"10145",3381,6,-0.769765520977566,55.85
"10146",3381,6,-0.609052188810832,61.86
"10147",3381,6,-0.70280163257476,38.58
"10148",3381,6,-0.220661636074556,47.76
"10149",3381,6,-0.180483303032872,45.49
"10150",3381,6,0.0338011398561079,51.27
"10151",3381,6,-0.38137496824129,58.56
"10152",3381,6,0.114157805939475,50.59
"10153",3381,6,0.181121694342282,52.33
"10154",3381,6,0.81058224532866,51.51
"10155",3381,6,-1.35904773892226,52.04
"10156",3381,6,1.49361390703728,49.87
"10157",3381,6,0.154336138981159,52.27
"10158",3382,8,0.70344002388417,46.74
"10159",3382,8,0.248085582745088,41.73
"10160",3382,8,-0.997442741547107,42.34
"10161",3382,8,0.16772891666172,34.11
"10162",3382,8,-0.970657186185985,42.09
"10163",3382,8,1.46682835167616,43.17
"10164",3382,8,-0.394767745921852,41.04
"10165",3382,8,-0.314411079838484,37.77
"10166",3382,8,-1.37244051660282,35.89
"10167",3382,8,-1.19833440675553,27.1
"10168",3382,8,-0.113519414630066,39.63
"10169",3382,8,-0.890300520102618,28.81
"10170",3382,8,-0.247447191435678,50.26
"10171",3382,8,-0.649230521852515,36.96
"10172",3382,8,0.502548358675751,43.79
"10173",3382,8,-0.729587187935883,48.46
"10174",3382,8,-1.1045849629916,45.37
"10175",3391,6,-1.78761662470022,46.92
"10176",3391,6,0.70344002388417,46.08
"10177",3391,6,-1.86797329078359,71.31
"10178",3391,6,-1.06440662994991,33.09
"10179",3391,6,0.00701558449498541,68.67
"10180",3391,6,0.609690580120241,49.75
"10181",3391,6,0.27487113810621,53.83
"10182",3391,6,-1.21172718443609,55.72
"10183",3391,6,1.6945055722457,45.45
"10184",3391,6,-0.555481078088587,45.37
"10185",3391,6,-2.09565051135313,46.23
"10186",3391,6,-1.97511551222808,43.32
"10187",3391,6,0.59629780243968,59.8
"10188",3391,6,-0.461731634324658,22.58
"10189",3391,6,0.890938911412027,47.71
"10190",3391,6,-0.783158298658128,45.53
"10191",3391,6,0.248085582745088,47.37
"10192",3391,6,-0.475124412005219,45.21
"10193",3391,6,-1.77422384701966,50.99
"10194",3391,6,0.328442248828455,53.14
"10195",3391,6,1.54718501775953,42.25
"10196",3391,6,-1.37244051660282,60.76
"10197",3391,6,0.502548358675751,42.59
"10198",3392,4,0.971295577495395,63.86
"10199",3392,4,0.864153356050905,57.05
"10200",3392,4,-0.0331627485466983,39.52
"10201",3392,4,-0.434946078963535,60.05
"10202",3392,4,0.797189467648099,56.02
"10203",3392,4,1.66772001688458,61.22
"10204",3392,4,-0.421553301282974,57.02
"10205",3392,4,1.49361390703728,54.91
"10206",3392,4,-0.542088300408025,57.76
"10207",3392,4,0.408798914911823,53.31
"10208",3392,4,0.408798914911823,46.86
"10209",3392,4,1.53379224007897,57.36
"10210",3392,4,-0.421553301282974,56.55
"10211",3401,8,-1.50636829340843,36.46
"10212",3401,8,0.623083357800802,48.25
"10213",3401,8,-0.970657186185985,30.78
"10214",3401,8,-0.742979965616444,57.02
"10215",3401,8,-0.756372743297005,58.51
"10216",3401,8,-0.528695522727464,35.82
"10217",3401,8,0.328442248828455,39.13
"10218",3401,8,0.0605866952172304,47.8
"10219",3401,8,-0.542088300408025,44.15
"10220",3401,8,2.02932501425973,59.43
"10221",3401,8,-0.742979965616444,53.94
"10222",3401,8,-0.113519414630066,50.34
"10223",3401,8,-1.30547662820002,49.39
"10224",3401,8,-0.153697747671749,29.01
"10225",3401,8,-0.0197699708661371,35.99
"10226",3401,8,-0.501909967366342,35.07
"10227",3401,8,0.355227804189578,41.96
"10228",3401,8,-1.06440662994991,53.31
"10229",3401,8,-1.25190551747777,47.48
"10230",3401,8,0.27487113810621,32.08
"10231",3401,8,0.93111724445371,52.27
"10232",3402,7,0.48915558099519,55.08
"10233",3402,7,-0.903693297783179,42.62
"10234",3402,7,0.944510022134272,38.36
"10235",3402,7,-0.70280163257476,54.73
"10236",3402,7,-0.729587187935883,34.9
"10237",3402,7,-0.742979965616444,30.75
"10238",3402,7,-1.519761071089,32.9
"10239",3402,7,-0.180483303032872,33.32
"10240",3402,7,0.00701558449498541,26.46
"10241",3402,7,0.27487113810621,34.64
"10242",3402,7,-0.327803857519046,52.21
"10243",3402,7,-0.930478853144301,34.92
"10244",3402,7,0.100765028258914,39.53
"10245",3411,1,0.462370025634068,63.51
"10246",3411,1,-0.367982190560729,63.4
"10247",3411,1,1.11861613198157,49.91
"10248",3411,1,1.09183057662045,53.43
"10249",3411,1,1.90879001513468,48.83
"10250",3411,1,2.33735890091264,49.93
"10251",3411,1,1.6945055722457,62.79
"10252",3411,1,2.14986001338478,64.09
"10253",3411,1,-0.0197699708661371,79.49
"10254",3411,1,-0.635837744171954,72.55
"10255",3411,1,-0.582266633449709,84
"10256",3411,1,0.154336138981159,57.69
"10257",3411,1,1.81504057137075,52.53
"10258",3412,1,1.14540168734269,62.48
"10259",3412,1,-0.783158298658128,42.74
"10260",3412,1,0.944510022134272,64.11
"10261",3412,1,0.743618356925854,53.75
"10262",3412,1,-0.247447191435678,55.42
"10263",3412,1,-1.62690329253349,53.54
"10264",3412,1,-0.234054413755117,40.13
"10265",3412,1,0.0739794728977916,45.13
"10266",3412,1,0.0338011398561079,61.12
"10267",3412,1,0.890938911412027,53.87
"10268",3412,1,-0.408160523602413,47.97
"10269",3412,1,0.48915558099519,43.9
"10270",3421,8,0.100765028258914,48.23
"10271",3421,8,0.984688355175956,37.81
"10272",3421,8,-0.448338856644097,47.35
"10273",3421,8,-0.957264408505424,56.62
"10274",3421,8,-0.394767745921852,44.97
"10275",3421,8,0.435584470272945,25.28
"10276",3421,8,-0.729587187935883,54.35
"10277",3421,8,-0.180483303032872,56.86
"10278",3421,8,-0.662623299533076,41.63
"10279",3421,8,-0.716194410255321,55.61
"10280",3421,8,-0.461731634324658,62.35
"10281",3421,8,1.49361390703728,50.82
"10282",3421,8,0.556119469397996,57.17
"10283",3421,8,-0.260839969116239,36.79
"10284",3421,8,1.56057779544009,39.84
"10285",3421,8,-0.970657186185985,32.85
"10286",3421,8,-0.301018302157923,61.18
"10287",3421,8,-0.91708607546374,39.68
"10288",3421,8,-1.90815162382527,41.66
"10289",3421,8,-0.528695522727464,46.64
"10344",3432,7,-0.890300520102618,35.15
"10345",3432,7,-0.408160523602413,32.17
"10346",3432,7,-0.421553301282974,52.36
"10347",3432,7,-0.247447191435678,48.27
"10348",3432,7,-0.367982190560729,25.87
"10349",3441,1,-0.515302745046903,56.17
"10350",3441,1,-1.53315384876956,37.91
"10351",3441,1,0.0204083621755467,38.19
"10352",3441,1,-1.30547662820002,58.9
"10353",3441,1,-0.823336631699811,57.52
"10354",3441,1,0.957902799814833,52.41
"10355",3441,1,0.676654468523047,31.98
"10356",3441,1,0.221300027383965,33.64
"10357",3441,1,-1.62690329253349,47.22
"10358",3441,1,-1.64029607021405,46.94
"10359",3441,1,0.301656693467333,33.09
"10360",3441,1,-0.609052188810832,47.7
"10361",3441,1,-0.676016077213638,36.01
"10362",3441,1,-0.367982190560729,39.1
"10384",3451,2,-1.53315384876956,38.26
"10385",3451,2,-1.1715488513944,55.33
"10386",3451,2,-0.274232746796801,37.47
"10387",3451,2,0.515941136356312,30.15
"10388",3451,2,0.877546133731466,44.88
"10389",3451,2,0.27487113810621,46.05
"10390",3451,2,-0.970657186185985,32.28
"10391",3451,2,-0.836729409380373,53.84
"10392",3451,2,0.676654468523047,46.8
"10393",3451,2,0.261478360425649,60.35
"10394",3451,2,-0.287625524477362,47.24
"10395",3451,2,-1.49297551572787,32.95
"10396",3451,2,-0.59565941113027,43.38
"10397",3451,2,0.48915558099519,58.92
"10398",3451,2,0.770403912286976,36.55
"10399",3451,2,0.355227804189578,49.53
"10400",3451,2,0.462370025634068,27.88
"10401",3451,2,-0.475124412005219,42.73
"10402",3451,2,-0.850122187060934,57.23
"10403",3451,2,1.49361390703728,44.32
"10404",3451,2,-1.55993940413068,43.47
"10405",3451,2,-1.1045849629916,40.07
"10406",3451,2,-1.23851273979721,34.82
"10407",3451,2,-0.0867338592689433,41.19
"10408",3452,1,0.328442248828455,39.95
"10409",3452,1,-0.448338856644097,66.62
"10410",3452,1,0.823975023009221,54.45
"10411",3452,1,-0.528695522727464,30.85
"10412",3452,1,0.0204083621755467,52.96
"10413",3452,1,0.140943361300598,47.43
"10414",3452,1,1.48022112935672,48.87
"10415",3452,1,-0.622444966491393,58.11
"10416",3452,1,1.6275416838429,46.53
"10417",3452,1,-0.957264408505424,50.76
"10418",3452,1,0.690047246203609,40.58
"10419",3452,1,-0.475124412005219,58.26
"10420",3452,1,-1.37244051660282,50.4
"10421",3452,1,1.06504502125932,46.87
"10422",3452,1,0.114157805939475,40.59
"10838",3561,5,2.20343112410703,47.81
"10839",3561,5,-0.153697747671749,46.43
"10840",3561,5,1.96236112585693,64.73
"10841",3561,5,-0.903693297783179,40.79
"10842",3561,5,-0.234054413755117,54.47
"10843",3561,5,0.904331689092588,43.66
"10844",3561,5,1.09183057662045,54.13
"10845",3561,5,0.864153356050905,61.37
"10846",3561,5,-0.301018302157923,57.48
"10847",3561,5,0.998081132856517,63.36
"10848",3561,5,-1.19833440675553,44.31
"10849",3561,5,2.1096816803431,45.53
"10850",3561,5,0.435584470272945,51.42
"10851",3561,5,0.59629780243968,60.42
"10852",3561,5,2.12307445802366,62.56
"10853",3561,5,0.93111724445371,54.03
"10854",3561,5,0.837367800689782,60.38
"10855",3562,4,1.14540168734269,40.5
"10856",3562,4,1.35968613023167,59.45
"10857",3562,4,1.05165224357876,55.11
"10858",3562,4,0.890938911412027,56.21
"10859",3562,4,1.94896834817637,69.23
"10860",3562,4,1.02486668821764,63.83
"10861",3562,4,0.890938911412027,45.59
"10862",3562,4,1.70789834992626,68.05
"10863",3562,4,1.30611501950943,62.95
"10864",3562,4,-0.742979965616444,60.81
"10865",3562,4,-0.220661636074556,60.33
"10866",3562,4,0.261478360425649,50.91
"10867",3562,4,-0.180483303032872,58.43
"10868",3562,4,1.19897279806494,55.54
"10869",3562,4,1.44004279631504,68.99
"10870",3562,4,2.13646723570422,56.11
"10871",3562,4,0.730225579245292,47.85
"10872",3562,4,0.368620581870139,46.85
"10873",3562,4,-1.19833440675553,69.55
"10874",3562,4,1.4534355739956,47.48
"10875",3562,4,1.96236112585693,72.19
"10876",3562,4,1.78825501600963,56.78
"10877",3571,3,1.01147391053708,53.64
"10878",3571,3,1.2793294641483,60.68
"10879",3571,3,-0.354589412880168,47.62
"10880",3571,3,0.904331689092588,35.31
"10881",3571,3,0.823975023009221,54.37
"10882",3571,3,1.41325724095392,61.85
"10883",3571,3,1.19897279806494,56.25
"10884",3571,3,-0.180483303032872,47.67
"10885",3571,3,-0.153697747671749,54.13
"10886",3571,3,0.408798914911823,49.83
"10887",3571,3,2.21682390178759,58.58
"10888",3571,3,1.13200890966213,61.38
"10889",3571,3,2.53825056612106,56.11
"10890",3571,3,1.52039946239841,67.77
"10891",3571,3,1.58736335080121,72.48
"10892",3571,3,0.783796689967537,35.62
"10893",3571,3,-1.30547662820002,53
"10894",3571,3,1.37307890791223,60.69
"10895",3571,3,-0.421553301282974,51.47
"10896",3571,3,1.34629335255111,43.35
"10897",3571,3,0.770403912286976,52.37
"11178",3631,4,-0.367982190560729,47.32
"11179",3631,4,0.971295577495395,49.36
"11180",3631,4,0.823975023009221,68.77
"11181",3631,4,0.154336138981159,62.32
"11182",3631,4,1.30611501950943,60.13
"11183",3631,4,0.154336138981159,48.04
"11184",3631,4,0.194514472022843,35.16
"11185",3631,4,0.757011134606415,48.05
"11186",3631,4,0.944510022134272,56.48
"11187",3631,4,-0.394767745921852,52.96
"11188",3631,4,-0.073341081588382,43.68
"11189",3631,4,0.529333914036874,49.61
"11190",3631,4,1.22575835342606,68.98
"11191",3631,4,2.08289612498198,55.09
"11192",3631,4,1.73468390528739,64.44
"11193",3631,4,1.48022112935672,48.16
"11194",3631,4,-0.0197699708661371,56.4
"11195",3631,4,0.328442248828455,56.35
"11196",3631,4,0.288263915786771,51.24
"11197",3631,4,-0.997442741547107,50.22
"11198",3631,4,0.890938911412027,68.46
"11199",3631,4,-0.515302745046903,53.58
"11200",3631,4,1.23915113110662,49.65
"11201",3631,4,2.25700223482927,65.95
"11202",3631,4,1.61414890616233,34.77
"11203",3631,4,1.44004279631504,52.78
"11204",3632,5,0.730225579245292,38.31
"11205",3632,5,-0.207268858393994,49.74
"11206",3632,5,1.73468390528739,57.46
"11207",3632,5,0.890938911412027,48.22
"11208",3632,5,0.529333914036874,48.12
"11209",3632,5,1.35968613023167,59.15
"11210",3632,5,0.569512247078557,63.94
"11211",3632,5,-0.421553301282974,40.1
"11212",3632,5,-0.863514964741495,43.41
"11213",3632,5,2.33735890091264,59.86
"11214",3632,5,-0.689408854894199,47.28
"11215",3632,5,-0.662623299533076,28.55
"11216",3632,5,1.09183057662045,49.9
"11217",3632,5,0.716832801564731,42.25
"11218",3632,5,-0.876907742422056,44.14
"11219",3632,5,0.770403912286976,46.67
"11220",3632,5,-0.80994385401925,46.91
"11221",3632,5,-0.0465555262272595,56.72
"11222",3632,5,0.154336138981159,49.39
"11223",3632,5,-0.635837744171954,49.56
"11224",3632,5,-1.1715488513944,38.97
"11225",3632,5,-0.421553301282974,44.27
"11226",3632,5,1.68111279456514,66.26
"11227",3632,5,1.46682835167616,42.34
"11228",3632,5,-0.100126636949505,40.88
"11229",3632,5,-0.247447191435678,64.58
"11230",3632,5,-0.515302745046903,45.16
"11231",3632,5,0.690047246203609,54.19
"11232",3632,5,0.609690580120241,50.73
"11233",3632,5,-0.0331627485466983,40.54
"11234",3641,5,1.05165224357876,60.44
"11235",3641,5,1.19897279806494,40.63
"11236",3641,5,1.02486668821764,57.74
"11237",3641,5,-1.05101385226935,40.79
"11238",3641,5,-0.421553301282974,43.21
"11239",3641,5,0.91772446677315,50.13
"11240",3641,5,-1.65368884789461,37.08
"11241",3641,5,-1.53315384876956,48.18
"11242",3641,5,-1.09119218531104,29.71
"11243",3641,5,0.823975023009221,72.43
"11244",3641,5,-0.354589412880168,43.77
"11245",3641,5,-0.073341081588382,49.18
"11246",3641,5,0.301656693467333,47.63
"11247",3641,5,-0.48851718968578,44.94
"11248",3641,5,-0.542088300408025,59.78
"11249",3641,5,-0.609052188810832,38.93
"11250",3641,5,-1.23851273979721,43.63
"11251",3641,5,-0.930478853144301,51.34
"11252",3641,5,-0.234054413755117,51
"11253",3641,5,0.971295577495395,46.3
"11254",3642,7,-0.528695522727464,56.14
"11255",3642,7,-1.06440662994991,38.46
"11256",3642,7,1.4534355739956,57.21
"11257",3642,7,-1.53315384876956,50.47
"11258",3642,7,-1.7608310693391,47.34
"11259",3642,7,-0.649230521852515,47.54
"11260",3642,7,-1.97511551222808,47.13
"11261",3642,7,-0.70280163257476,66.16
"11262",3642,7,-1.25190551747777,59.96
"11263",3642,7,0.0605866952172304,37.97
"11264",3642,7,-1.18494162907496,30.17
"11265",3642,7,-1.18494162907496,54.08
"11266",3642,7,-0.863514964741495,51.48
"11267",3642,7,-1.31886940588058,48.79
"11268",3642,7,1.35968613023167,47.46
"11269",3642,7,-1.22511996211665,46.31
"11270",3642,7,-1.37244051660282,60.17
"11271",3642,7,0.716832801564731,47.56
"11272",3642,7,-1.78761662470022,26.38
"11273",3642,7,-0.903693297783179,42.77
"11333",3662,4,0.944510022134272,61.1
"11334",3662,4,0.0605866952172304,36.34
"11335",3662,4,0.355227804189578,33.71
"11336",3662,4,-0.984049963866546,67.09
"11337",3662,4,0.890938911412027,48.08
"11338",3662,4,0.864153356050905,44.74
"11339",3662,4,-0.582266633449709,50.43
"11340",3662,4,0.850760578370343,66.19
"11341",3662,4,1.22575835342606,64.52
"11342",3662,4,1.60075612848177,49.29
"11343",3662,4,0.582905024759119,60.45
"11344",3662,4,-0.287625524477362,50.49
"11345",3662,4,-0.073341081588382,44.1
"11346",3662,4,1.6945055722457,51.03
"11347",3662,4,-1.39922607196394,34.54
"11348",3662,4,0.127550583620037,62.06
"11349",3662,4,0.59629780243968,62.59
"11350",3662,4,1.2793294641483,62.27
"11351",3662,4,0.48915558099519,50.11
"11352",3662,4,0.716832801564731,39.9
"11353",3662,4,0.502548358675751,52.78
"11354",3662,4,-1.21172718443609,52.19
"11355",3662,4,0.663261690842486,42.4
"11356",3662,4,-0.0197699708661371,58.32
"11357",3662,4,1.74807668296795,56
"11381",3672,7,-0.207268858393994,36.67
"11382",3672,7,-0.193876080713433,56.94
"11383",3672,7,1.97575390353749,50.32
"11384",3672,7,0.448977247953506,51.76
"11385",3672,7,0.0873722505783528,38.85
"11386",3672,7,-1.13137051835272,43.8
"11387",3672,7,-1.27869107283889,45.33
"11388",3672,7,-0.48851718968578,49.19
"11389",3681,8,0.48915558099519,59.4
"11390",3681,8,-1.21172718443609,30.76
"11391",3681,8,-0.662623299533076,48.84
"11392",3681,8,1.31950779718999,46.12
"11393",3681,8,-0.943871630824863,45.57
"11394",3681,8,-1.05101385226935,38.25
"11395",3681,8,-1.35904773892226,31.2
"11396",3681,8,-0.287625524477362,51.25
"11397",3681,8,0.529333914036874,44.4
"11398",3681,8,-0.528695522727464,47.2
"11399",3681,8,2.33735890091264,60.47
"11400",3681,8,1.52039946239841,59.81
"11401",3681,8,-1.26529829515833,41.22
"11402",3681,8,-1.50636829340843,37.78
"11403",3681,8,-0.501909967366342,46.38
"11404",3681,8,0.194514472022843,40.2
"11405",3681,8,-0.100126636949505,32.59
"11406",3681,8,0.288263915786771,46.54
"11407",3681,8,0.194514472022843,41.39
"11408",3681,8,-0.140304969991188,49.8
"11409",3681,8,-0.957264408505424,44.59
"11410",3681,8,-0.38137496824129,31.56
"11411",3681,8,-1.3456549612417,43.61
"11412",3681,8,-2.20279273279762,43.66
"11413",3681,8,-0.716194410255321,62.82
"11414",3682,7,0.140943361300598,34.08
"11415",3682,7,0.154336138981159,42.45
"11416",3682,7,0.422191692592384,51.4
"11417",3682,7,0.462370025634068,49.71
"11418",3682,7,0.93111724445371,46.13
"11419",3682,7,1.56057779544009,68.22
"11420",3682,7,-0.461731634324658,54.47
"11421",3682,7,-1.23851273979721,29.19
"11422",3682,7,0.341835026509016,37.22
"11423",3682,7,0.797189467648099,47.24
"11424",3682,7,-0.354589412880168,45.11
"11425",3682,7,-0.38137496824129,52.29
"11426",3682,7,0.48915558099519,51.76
"11427",3682,7,-1.54654662645012,47.08
"11428",3682,7,-0.984049963866546,41.26
"11429",3682,7,-0.260839969116239,46.85
"11430",3682,7,0.81058224532866,46.12
"11431",3682,7,0.663261690842486,47.52
"11432",3682,7,-0.354589412880168,46.23
"11433",3682,7,-1.53315384876956,51.02
"11434",3682,7,-0.341196635199607,52.68
"11435",3691,8,-1.69386718093629,32.11
"11436",3691,8,-1.07779940763047,53.89
"11437",3691,8,-0.153697747671749,46.11
"11438",3691,8,0.770403912286976,51.3
"11439",3691,8,-0.274232746796801,45.62
"11440",3691,8,-1.07779940763047,41.36
"11441",3691,8,-0.220661636074556,48.98
"11442",3691,8,0.582905024759119,57.27
"11443",3691,8,-1.33226218356114,36.79
"11444",3691,8,-1.77422384701966,31.97
"11445",3691,8,1.35968613023167,53.89
"11446",3691,8,-1.81440218006134,50.54
"11447",3691,8,0.448977247953506,34.89
"11448",3691,8,0.435584470272945,51.57
"11449",3691,8,-0.314411079838484,35
"11450",3691,8,1.25254390878718,57.81
"11451",3691,8,0.288263915786771,58.98
"11452",3691,8,1.64093446152346,37.4
"11453",3691,8,-0.635837744171954,31.91
"11454",3691,8,1.25254390878718,56.78
"11455",3691,8,-0.073341081588382,48.43
"11456",3691,8,0.877546133731466,40.65
"11457",3691,8,0.59629780243968,57.64
"11458",3691,8,0.59629780243968,49.19
"11459",3691,8,-0.341196635199607,36.75
"11460",3691,8,-0.0599483039078208,35.97
"11461",3691,8,-0.314411079838484,52.68
"11462",3692,5,-0.341196635199607,49.6
"11463",3692,5,1.30611501950943,64.88
"11464",3692,5,-0.260839969116239,54.14
"11465",3692,5,-0.555481078088587,49.68
"11466",3692,5,1.56057779544009,57.53
"11467",3692,5,1.46682835167616,61.81
"11468",3692,5,0.743618356925854,57.62
"11469",3692,5,0.435584470272945,27.87
"11470",3692,5,-0.153697747671749,41.18
"11471",3692,5,0.783796689967537,68.95
"11472",3692,5,1.23915113110662,50.43
"11473",3692,5,1.30611501950943,65.62
"11474",3692,5,-1.06440662994991,34.81
"11475",3692,5,-0.850122187060934,34.45
"11476",3692,5,-0.301018302157923,48.77
"11477",3692,5,0.797189467648099,59.68
"11478",3692,5,-1.31886940588058,71.65
"11479",3692,5,0.623083357800802,57.7
"11480",3692,5,-0.796551076338689,59.19
"11481",3692,5,-0.501909967366342,47.8
"11482",3692,5,0.757011134606415,62.73
"11483",3692,5,1.81504057137075,59.31
"11484",3692,5,-1.53315384876956,36.19
"11485",3692,5,0.93111724445371,55.36
"11486",3692,5,0.00701558449498541,45.34
"11487",3692,5,1.29272224182886,60.27
"11488",3692,5,-1.19833440675553,57.31
"11489",3692,5,-1.23851273979721,53.32
"11490",3692,5,-1.18494162907496,43.81
"11491",3692,5,-1.09119218531104,52.49
"11492",3692,5,0.877546133731466,52.61
"11493",3701,5,-0.756372743297005,44.37
"11494",3701,5,-1.11797774067216,58.12
"11495",3701,5,-0.247447191435678,50.76
"11496",3701,5,-0.676016077213638,53.41
"11497",3701,5,2.1096816803431,59.47
"11498",3701,5,0.837367800689782,47.92
"11499",3701,5,0.368620581870139,58.59
"11500",3701,5,0.582905024759119,51.18
"11501",3701,5,-0.542088300408025,62.03
"11502",3701,5,0.0338011398561079,52.52
"11503",3701,5,-1.53315384876956,49.41
"11504",3701,5,-0.970657186185985,45.14
"11505",3701,5,1.30611501950943,56.6
"11506",3701,5,0.649868913161925,50.14
"11507",3701,5,-1.41261884964451,45.59
"11508",3701,5,0.663261690842486,64.56
"11509",3701,5,0.368620581870139,53.19
"11510",3701,5,2.02932501425973,49.29
"11511",3701,5,1.52039946239841,62.04
"11512",3701,5,-0.073341081588382,46.03
"11513",3701,5,0.636476135481364,48.52
"11514",3701,5,-1.19833440675553,34.53
"11515",3701,5,-1.27869107283889,40.65
"11516",3701,5,1.19897279806494,49.38
"11517",3702,8,-0.48851718968578,49.45
"11518",3702,8,-0.80994385401925,62.16
"11519",3702,8,-1.39922607196394,50.38
"11520",3702,8,-1.06440662994991,39.93
"11521",3702,8,1.02486668821764,33.23
"11522",3702,8,1.01147391053708,48.59
"11523",3702,8,1.49361390703728,62.84
"11524",3702,8,0.716832801564731,50.1
"11525",3702,8,0.623083357800802,34.55
"11526",3702,8,-0.220661636074556,59.14
"11527",3702,8,0.797189467648099,50.54
"11528",3702,8,-1.74743829165854,39.09
"11529",3702,8,-1.31886940588058,54.6
"11530",3702,8,-1.519761071089,39.59
"11531",3702,8,-1.13137051835272,47.87
"11532",3702,8,1.58736335080121,58.69
"11533",3702,8,0.181121694342282,52.53
"11534",3702,8,-0.970657186185985,50.49
"11535",3702,8,0.0204083621755467,36.77
"11536",3702,8,0.649868913161925,50.11
"11537",3702,8,1.58736335080121,62.42
"11538",3702,8,0.435584470272945,50.71
"11539",3702,8,-1.30547662820002,43.24
"11540",3702,8,-1.21172718443609,56.25
"11541",3702,8,-1.53315384876956,38.42
"11542",3702,8,0.234692805064526,54.95
"11543",3702,8,-0.823336631699811,30.29
"11544",3702,8,0.890938911412027,47.66
"11545",3702,8,-0.421553301282974,55.43
"11546",3702,8,0.154336138981159,29.73
